<annotation>
    <folder>coco2VOC</folder>
    <filename>Amazon-54-_jpg.rf.c4b2ee4b1c43693e2af6c5dc749903e8.jpg</filename>
    <path>C:\Downloads\tmp\coco2VOC\Amazon-54-_jpg.rf.c4b2ee4b1c43693e2af6c5dc749903e8.jpg</path>
    <source>
        <database>Unknown</database>
    </source>
    <size>
        <width>1920</width>
        <height>1080</height>
        <depth>3</depth>
    </size>
    <segmented>0</segmented>
    <object>
        <name>Amazon-van</name>
        <pose>Unspecified</pose>
        <truncated>0</truncated>
        <difficult>0</difficult>
        <bndbox>
            <xmin>0</xmin>
            <ymin>0</ymin>
            <xmax>1313.42</xmax>
            <ymax>1080</ymax>
        </bndbox>
    </object>    <object>
        <name>Amazon-word</name>
        <pose>Unspecified</pose>
        <truncated>0</truncated>
        <difficult>0</difficult>
        <bndbox>
            <xmin>0</xmin>
            <ymin>318</ymin>
            <xmax>901.59</xmax>
            <ymax>839.21</ymax>
        </bndbox>
    </object>    <object>
        <name>Amazon-logo</name>
        <pose>Unspecified</pose>
        <truncated>0</truncated>
        <difficult>0</difficult>
        <bndbox>
            <xmin>0</xmin>
            <ymin>368</ymin>
            <xmax>665.14</xmax>
            <ymax>839.13</ymax>
        </bndbox>
    </object>    <object>
        <name>Amazon-word</name>
        <pose>Unspecified</pose>
        <truncated>0</truncated>
        <difficult>0</difficult>
        <bndbox>
            <xmin>1267</xmin>
            <ymin>655</ymin>
            <xmax>1648.32</xmax>
            <ymax>757.79</ymax>
        </bndbox>
    </object>    <object>
        <name>Amazon-word</name>
        <pose>Unspecified</pose>
        <truncated>0</truncated>
        <difficult>0</difficult>
        <bndbox>
            <xmin>1459</xmin>
            <ymin>661</ymin>
            <xmax>1823.1</xmax>
            <ymax>752.4</ymax>
        </bndbox>
    </object>    <object>
        <name>Amazon-logo</name>
        <pose>Unspecified</pose>
        <truncated>0</truncated>
        <difficult>0</difficult>
        <bndbox>
            <xmin>1278</xmin>
            <ymin>672</ymin>
            <xmax>1578.85</xmax>
            <ymax>748.73</ymax>
        </bndbox>
    </object>    <object>
        <name>Amazon-truck</name>
        <pose>Unspecified</pose>
        <truncated>0</truncated>
        <difficult>0</difficult>
        <bndbox>
            <xmin>1123</xmin>
            <ymin>655</ymin>
            <xmax>1710.6</xmax>
            <ymax>782.71</ymax>
        </bndbox>
    </object>    <object>
        <name>Amazon-logo</name>
        <pose>Unspecified</pose>
        <truncated>0</truncated>
        <difficult>0</difficult>
        <bndbox>
            <xmin>1432</xmin>
            <ymin>682</ymin>
            <xmax>1738.6</xmax>
            <ymax>757.86</ymax>
        </bndbox>
    </object>    <object>
        <name>Amazon-truck</name>
        <pose>Unspecified</pose>
        <truncated>0</truncated>
        <difficult>0</difficult>
        <bndbox>
            <xmin>1280</xmin>
            <ymin>654</ymin>
            <xmax>1883.53</xmax>
            <ymax>792.58</ymax>
        </bndbox>
    </object>
</annotation>
