<annotation>
    <folder>coco2VOC</folder>
    <filename>Amazon-129-_jpg.rf.4e150588d920b207103448edb474cc77.jpg</filename>
    <path>C:\Downloads\tmp\coco2VOC\Amazon-129-_jpg.rf.4e150588d920b207103448edb474cc77.jpg</path>
    <source>
        <database>Unknown</database>
    </source>
    <size>
        <width>1400</width>
        <height>788</height>
        <depth>3</depth>
    </size>
    <segmented>0</segmented>
    <object>
        <name>Amazon-word</name>
        <pose>Unspecified</pose>
        <truncated>0</truncated>
        <difficult>0</difficult>
        <bndbox>
            <xmin>0</xmin>
            <ymin>242</ymin>
            <xmax>511</xmax>
            <ymax>521</ymax>
        </bndbox>
    </object>    <object>
        <name>Amazon-van</name>
        <pose>Unspecified</pose>
        <truncated>0</truncated>
        <difficult>0</difficult>
        <bndbox>
            <xmin>1</xmin>
            <ymin>0</ymin>
            <xmax>1400</xmax>
            <ymax>788</ymax>
        </bndbox>
    </object>    <object>
        <name>Amazon-logo</name>
        <pose>Unspecified</pose>
        <truncated>0</truncated>
        <difficult>0</difficult>
        <bndbox>
            <xmin>0</xmin>
            <ymin>310</ymin>
            <xmax>245</xmax>
            <ymax>517</ymax>
        </bndbox>
    </object>
</annotation>
