<annotation>
    <folder>coco2VOC</folder>
    <filename>Amazon-30-_jpg.rf.b647e4e984bac6959b3812beb802c11a.jpg</filename>
    <path>C:\Downloads\tmp\coco2VOC\Amazon-30-_jpg.rf.b647e4e984bac6959b3812beb802c11a.jpg</path>
    <source>
        <database>Unknown</database>
    </source>
    <size>
        <width>1500</width>
        <height>1000</height>
        <depth>3</depth>
    </size>
    <segmented>0</segmented>
    <object>
        <name>Amazon-word</name>
        <pose>Unspecified</pose>
        <truncated>0</truncated>
        <difficult>0</difficult>
        <bndbox>
            <xmin>644</xmin>
            <ymin>335</ymin>
            <xmax>1239</xmax>
            <ymax>475</ymax>
        </bndbox>
    </object>    <object>
        <name>Amazon-logo</name>
        <pose>Unspecified</pose>
        <truncated>0</truncated>
        <difficult>0</difficult>
        <bndbox>
            <xmin>643</xmin>
            <ymin>363</ymin>
            <xmax>1062</xmax>
            <ymax>474</ymax>
        </bndbox>
    </object>    <object>
        <name>Amazon-van</name>
        <pose>Unspecified</pose>
        <truncated>0</truncated>
        <difficult>0</difficult>
        <bndbox>
            <xmin>21</xmin>
            <ymin>208</ymin>
            <xmax>1457</xmax>
            <ymax>818</ymax>
        </bndbox>
    </object>
</annotation>
