<annotation>
    <folder>coco2VOC</folder>
    <filename>Amazon-3-_jpg.rf.95e4ef7819596e26fdfc37001c104796.jpg</filename>
    <path>C:\Downloads\tmp\coco2VOC\Amazon-3-_jpg.rf.95e4ef7819596e26fdfc37001c104796.jpg</path>
    <source>
        <database>Unknown</database>
    </source>
    <size>
        <width>932</width>
        <height>524</height>
        <depth>3</depth>
    </size>
    <segmented>0</segmented>
    <object>
        <name>Amazon-word</name>
        <pose>Unspecified</pose>
        <truncated>0</truncated>
        <difficult>0</difficult>
        <bndbox>
            <xmin>406</xmin>
            <ymin>123</ymin>
            <xmax>719</xmax>
            <ymax>234</ymax>
        </bndbox>
    </object>    <object>
        <name>Amazon-logo</name>
        <pose>Unspecified</pose>
        <truncated>0</truncated>
        <difficult>0</difficult>
        <bndbox>
            <xmin>403</xmin>
            <ymin>148</ymin>
            <xmax>585</xmax>
            <ymax>239</ymax>
        </bndbox>
    </object>    <object>
        <name>Amazon-van</name>
        <pose>Unspecified</pose>
        <truncated>0</truncated>
        <difficult>0</difficult>
        <bndbox>
            <xmin>317</xmin>
            <ymin>0</ymin>
            <xmax>665</xmax>
            <ymax>496</ymax>
        </bndbox>
    </object>
</annotation>
