<annotation>
    <folder>coco2VOC</folder>
    <filename>Amazon-103-_jpg.rf.d2cb4566cd48484cf40167dc70ac2aaf.jpg</filename>
    <path>C:\Downloads\tmp\coco2VOC\Amazon-103-_jpg.rf.d2cb4566cd48484cf40167dc70ac2aaf.jpg</path>
    <source>
        <database>Unknown</database>
    </source>
    <size>
        <width>1600</width>
        <height>900</height>
        <depth>3</depth>
    </size>
    <segmented>0</segmented>
    <object>
        <name>Amazon-logo</name>
        <pose>Unspecified</pose>
        <truncated>0</truncated>
        <difficult>0</difficult>
        <bndbox>
            <xmin>1371</xmin>
            <ymin>123</ymin>
            <xmax>1522</xmax>
            <ymax>330</ymax>
        </bndbox>
    </object>    <object>
        <name>Amazon-logo</name>
        <pose>Unspecified</pose>
        <truncated>0</truncated>
        <difficult>0</difficult>
        <bndbox>
            <xmin>996</xmin>
            <ymin>116</ymin>
            <xmax>1178</xmax>
            <ymax>357</ymax>
        </bndbox>
    </object>    <object>
        <name>Amazon-logo</name>
        <pose>Unspecified</pose>
        <truncated>0</truncated>
        <difficult>0</difficult>
        <bndbox>
            <xmin>263</xmin>
            <ymin>118</ymin>
            <xmax>600</xmax>
            <ymax>426</ymax>
        </bndbox>
    </object>    <object>
        <name>Amazon-word</name>
        <pose>Unspecified</pose>
        <truncated>0</truncated>
        <difficult>0</difficult>
        <bndbox>
            <xmin>659</xmin>
            <ymin>261</ymin>
            <xmax>890</xmax>
            <ymax>316</ymax>
        </bndbox>
    </object>    <object>
        <name>Amazon-van</name>
        <pose>Unspecified</pose>
        <truncated>0</truncated>
        <difficult>0</difficult>
        <bndbox>
            <xmin>1169</xmin>
            <ymin>0</ymin>
            <xmax>1596</xmax>
            <ymax>851</ymax>
        </bndbox>
    </object>    <object>
        <name>Amazon-van</name>
        <pose>Unspecified</pose>
        <truncated>0</truncated>
        <difficult>0</difficult>
        <bndbox>
            <xmin>626</xmin>
            <ymin>0</ymin>
            <xmax>1318</xmax>
            <ymax>878</ymax>
        </bndbox>
    </object>    <object>
        <name>Amazon-van</name>
        <pose>Unspecified</pose>
        <truncated>0</truncated>
        <difficult>0</difficult>
        <bndbox>
            <xmin>4</xmin>
            <ymin>0</ymin>
            <xmax>823</xmax>
            <ymax>899</ymax>
        </bndbox>
    </object>
</annotation>
