<annotation>
    <folder>coco2VOC</folder>
    <filename>Amazon-136-_jpg.rf.81a663956cb3625b5be7fb4a0193ceb8.jpg</filename>
    <path>C:\Downloads\tmp\coco2VOC\Amazon-136-_jpg.rf.81a663956cb3625b5be7fb4a0193ceb8.jpg</path>
    <source>
        <database>Unknown</database>
    </source>
    <size>
        <width>4500</width>
        <height>2999</height>
        <depth>3</depth>
    </size>
    <segmented>0</segmented>
    <object>
        <name>Amazon-van</name>
        <pose>Unspecified</pose>
        <truncated>0</truncated>
        <difficult>0</difficult>
        <bndbox>
            <xmin>0</xmin>
            <ymin>904</ymin>
            <xmax>4252.12</xmax>
            <ymax>2999.09</ymax>
        </bndbox>
    </object>    <object>
        <name>Amazon-word</name>
        <pose>Unspecified</pose>
        <truncated>0</truncated>
        <difficult>0</difficult>
        <bndbox>
            <xmin>2544</xmin>
            <ymin>1600</ymin>
            <xmax>3982.13</xmax>
            <ymax>2480.66</ymax>
        </bndbox>
    </object>    <object>
        <name>Amazon-logo</name>
        <pose>Unspecified</pose>
        <truncated>0</truncated>
        <difficult>0</difficult>
        <bndbox>
            <xmin>2527</xmin>
            <ymin>1740</ymin>
            <xmax>3588.7200000000003</xmax>
            <ymax>2470.9</ymax>
        </bndbox>
    </object>    <object>
        <name>Amazon-word</name>
        <pose>Unspecified</pose>
        <truncated>0</truncated>
        <difficult>0</difficult>
        <bndbox>
            <xmin>1094</xmin>
            <ymin>570</ymin>
            <xmax>1942.33</xmax>
            <ymax>886.21</ymax>
        </bndbox>
    </object>    <object>
        <name>Amazon-word</name>
        <pose>Unspecified</pose>
        <truncated>0</truncated>
        <difficult>0</difficult>
        <bndbox>
            <xmin>3074</xmin>
            <ymin>600</ymin>
            <xmax>3953.05</xmax>
            <ymax>926.76</ymax>
        </bndbox>
    </object>    <object>
        <name>Amazon-logo</name>
        <pose>Unspecified</pose>
        <truncated>0</truncated>
        <difficult>0</difficult>
        <bndbox>
            <xmin>1154</xmin>
            <ymin>740</ymin>
            <xmax>1677.99</xmax>
            <ymax>890</ymax>
        </bndbox>
    </object>    <object>
        <name>Amazon-logo</name>
        <pose>Unspecified</pose>
        <truncated>0</truncated>
        <difficult>0</difficult>
        <bndbox>
            <xmin>3204</xmin>
            <ymin>750</ymin>
            <xmax>3704.15</xmax>
            <ymax>903.36</ymax>
        </bndbox>
    </object>
</annotation>
