<annotation>
    <folder>coco2VOC</folder>
    <filename>Amazon-40-_jpg.rf.06845ef9e8b1856a03392d0adcf20590.jpg</filename>
    <path>C:\Downloads\tmp\coco2VOC\Amazon-40-_jpg.rf.06845ef9e8b1856a03392d0adcf20590.jpg</path>
    <source>
        <database>Unknown</database>
    </source>
    <size>
        <width>2000</width>
        <height>1090</height>
        <depth>3</depth>
    </size>
    <segmented>0</segmented>
    <object>
        <name>Amazon-word</name>
        <pose>Unspecified</pose>
        <truncated>0</truncated>
        <difficult>0</difficult>
        <bndbox>
            <xmin>1126</xmin>
            <ymin>287</ymin>
            <xmax>1844</xmax>
            <ymax>468</ymax>
        </bndbox>
    </object>    <object>
        <name>Amazon-logo</name>
        <pose>Unspecified</pose>
        <truncated>0</truncated>
        <difficult>0</difficult>
        <bndbox>
            <xmin>1128</xmin>
            <ymin>323</ymin>
            <xmax>1651</xmax>
            <ymax>472</ymax>
        </bndbox>
    </object>    <object>
        <name>Amazon-logo</name>
        <pose>Unspecified</pose>
        <truncated>0</truncated>
        <difficult>0</difficult>
        <bndbox>
            <xmin>496</xmin>
            <ymin>385</ymin>
            <xmax>841</xmax>
            <ymax>500</ymax>
        </bndbox>
    </object>    <object>
        <name>Amazon-van</name>
        <pose>Unspecified</pose>
        <truncated>0</truncated>
        <difficult>0</difficult>
        <bndbox>
            <xmin>8</xmin>
            <ymin>258</ymin>
            <xmax>1081</xmax>
            <ymax>841</ymax>
        </bndbox>
    </object>    <object>
        <name>Amazon-van</name>
        <pose>Unspecified</pose>
        <truncated>0</truncated>
        <difficult>0</difficult>
        <bndbox>
            <xmin>1</xmin>
            <ymin>313</ymin>
            <xmax>801</xmax>
            <ymax>800</ymax>
        </bndbox>
    </object>    <object>
        <name>Amazon-van</name>
        <pose>Unspecified</pose>
        <truncated>0</truncated>
        <difficult>0</difficult>
        <bndbox>
            <xmin>275</xmin>
            <ymin>130</ymin>
            <xmax>1991</xmax>
            <ymax>987</ymax>
        </bndbox>
    </object>
</annotation>
