<annotation>
    <folder>coco2VOC</folder>
    <filename>Amazon-61-_jpg.rf.4a0041d75c3da4865783b2f17c23066f.jpg</filename>
    <path>C:\Downloads\tmp\coco2VOC\Amazon-61-_jpg.rf.4a0041d75c3da4865783b2f17c23066f.jpg</path>
    <source>
        <database>Unknown</database>
    </source>
    <size>
        <width>1050</width>
        <height>591</height>
        <depth>3</depth>
    </size>
    <segmented>0</segmented>
    <object>
        <name>Amazon-word</name>
        <pose>Unspecified</pose>
        <truncated>0</truncated>
        <difficult>0</difficult>
        <bndbox>
            <xmin>495</xmin>
            <ymin>251</ymin>
            <xmax>912</xmax>
            <ymax>359</ymax>
        </bndbox>
    </object>    <object>
        <name>Amazon-logo</name>
        <pose>Unspecified</pose>
        <truncated>0</truncated>
        <difficult>0</difficult>
        <bndbox>
            <xmin>498</xmin>
            <ymin>283</ymin>
            <xmax>792</xmax>
            <ymax>362</ymax>
        </bndbox>
    </object>    <object>
        <name>Amazon-van</name>
        <pose>Unspecified</pose>
        <truncated>0</truncated>
        <difficult>0</difficult>
        <bndbox>
            <xmin>2</xmin>
            <ymin>167</ymin>
            <xmax>996</xmax>
            <ymax>591</ymax>
        </bndbox>
    </object>
</annotation>
