<annotation>
    <folder>coco2VOC</folder>
    <filename>Amazon-112-_jpg.rf.0b5f8e2de13989759d16c76a0904cc49.jpg</filename>
    <path>C:\Downloads\tmp\coco2VOC\Amazon-112-_jpg.rf.0b5f8e2de13989759d16c76a0904cc49.jpg</path>
    <source>
        <database>Unknown</database>
    </source>
    <size>
        <width>360</width>
        <height>360</height>
        <depth>3</depth>
    </size>
    <segmented>0</segmented>
    <object>
        <name>Amazon-word</name>
        <pose>Unspecified</pose>
        <truncated>0</truncated>
        <difficult>0</difficult>
        <bndbox>
            <xmin>252</xmin>
            <ymin>121</ymin>
            <xmax>334</xmax>
            <ymax>162</ymax>
        </bndbox>
    </object>    <object>
        <name>Amazon-word</name>
        <pose>Unspecified</pose>
        <truncated>0</truncated>
        <difficult>0</difficult>
        <bndbox>
            <xmin>54</xmin>
            <ymin>122</ymin>
            <xmax>140</xmax>
            <ymax>166</ymax>
        </bndbox>
    </object>    <object>
        <name>Amazon-logo</name>
        <pose>Unspecified</pose>
        <truncated>0</truncated>
        <difficult>0</difficult>
        <bndbox>
            <xmin>266</xmin>
            <ymin>143</ymin>
            <xmax>307</xmax>
            <ymax>160</ymax>
        </bndbox>
    </object>    <object>
        <name>Amazon-logo</name>
        <pose>Unspecified</pose>
        <truncated>0</truncated>
        <difficult>0</difficult>
        <bndbox>
            <xmin>56</xmin>
            <ymin>140</ymin>
            <xmax>109</xmax>
            <ymax>166</ymax>
        </bndbox>
    </object>    <object>
        <name>Amazon-van</name>
        <pose>Unspecified</pose>
        <truncated>0</truncated>
        <difficult>0</difficult>
        <bndbox>
            <xmin>5</xmin>
            <ymin>86</ymin>
            <xmax>354</xmax>
            <ymax>260</ymax>
        </bndbox>
    </object>
</annotation>
