<annotation>
    <folder>coco2VOC</folder>
    <filename>Amazon-76-_jpg.rf.bda0c5c1e437a8c0d7a7aa11c368091c.jpg</filename>
    <path>C:\Downloads\tmp\coco2VOC\Amazon-76-_jpg.rf.bda0c5c1e437a8c0d7a7aa11c368091c.jpg</path>
    <source>
        <database>Unknown</database>
    </source>
    <size>
        <width>1280</width>
        <height>960</height>
        <depth>3</depth>
    </size>
    <segmented>0</segmented>
    <object>
        <name>Amazon-word</name>
        <pose>Unspecified</pose>
        <truncated>0</truncated>
        <difficult>0</difficult>
        <bndbox>
            <xmin>453</xmin>
            <ymin>268</ymin>
            <xmax>616</xmax>
            <ymax>408</ymax>
        </bndbox>
    </object>    <object>
        <name>Amazon-logo</name>
        <pose>Unspecified</pose>
        <truncated>0</truncated>
        <difficult>0</difficult>
        <bndbox>
            <xmin>451</xmin>
            <ymin>320</ymin>
            <xmax>563</xmax>
            <ymax>405</ymax>
        </bndbox>
    </object>    <object>
        <name>Amazon-van</name>
        <pose>Unspecified</pose>
        <truncated>0</truncated>
        <difficult>0</difficult>
        <bndbox>
            <xmin>411</xmin>
            <ymin>163</ymin>
            <xmax>1135</xmax>
            <ymax>732</ymax>
        </bndbox>
    </object>
</annotation>
