<annotation>
    <folder>coco2VOC</folder>
    <filename>Amazon-11-_jpg.rf.bcf6798703ca40b77cfca8dda8101c62.jpg</filename>
    <path>C:\Downloads\tmp\coco2VOC\Amazon-11-_jpg.rf.bcf6798703ca40b77cfca8dda8101c62.jpg</path>
    <source>
        <database>Unknown</database>
    </source>
    <size>
        <width>400</width>
        <height>346</height>
        <depth>3</depth>
    </size>
    <segmented>0</segmented>
    <object>
        <name>Amazon-logo</name>
        <pose>Unspecified</pose>
        <truncated>0</truncated>
        <difficult>0</difficult>
        <bndbox>
            <xmin>170</xmin>
            <ymin>157</ymin>
            <xmax>308</xmax>
            <ymax>189</ymax>
        </bndbox>
    </object>    <object>
        <name>Amazon-van</name>
        <pose>Unspecified</pose>
        <truncated>0</truncated>
        <difficult>0</difficult>
        <bndbox>
            <xmin>43</xmin>
            <ymin>131</ymin>
            <xmax>328</xmax>
            <ymax>243</ymax>
        </bndbox>
    </object>
</annotation>
