<annotation>
    <folder>coco2VOC</folder>
    <filename>Amazon-139-_jpg.rf.0d793183740b070f81f25ad86d3912a7.jpg</filename>
    <path>C:\Downloads\tmp\coco2VOC\Amazon-139-_jpg.rf.0d793183740b070f81f25ad86d3912a7.jpg</path>
    <source>
        <database>Unknown</database>
    </source>
    <size>
        <width>2000</width>
        <height>2800</height>
        <depth>3</depth>
    </size>
    <segmented>0</segmented>
    <object>
        <name>Amazon-van</name>
        <pose>Unspecified</pose>
        <truncated>0</truncated>
        <difficult>0</difficult>
        <bndbox>
            <xmin>0</xmin>
            <ymin>535</ymin>
            <xmax>1022</xmax>
            <ymax>1695</ymax>
        </bndbox>
    </object>    <object>
        <name>Amazon-logo</name>
        <pose>Unspecified</pose>
        <truncated>0</truncated>
        <difficult>0</difficult>
        <bndbox>
            <xmin>0</xmin>
            <ymin>1085</ymin>
            <xmax>547</xmax>
            <ymax>1240</ymax>
        </bndbox>
    </object>
</annotation>
