<annotation>
    <folder>coco2VOC</folder>
    <filename>Amazon-23-_jpg.rf.e6dccfb3ce9424ae6217d8724bcfbf18.jpg</filename>
    <path>C:\Downloads\tmp\coco2VOC\Amazon-23-_jpg.rf.e6dccfb3ce9424ae6217d8724bcfbf18.jpg</path>
    <source>
        <database>Unknown</database>
    </source>
    <size>
        <width>800</width>
        <height>600</height>
        <depth>3</depth>
    </size>
    <segmented>0</segmented>
    <object>
        <name>Amazon-word</name>
        <pose>Unspecified</pose>
        <truncated>0</truncated>
        <difficult>0</difficult>
        <bndbox>
            <xmin>162</xmin>
            <ymin>139</ymin>
            <xmax>527</xmax>
            <ymax>266</ymax>
        </bndbox>
    </object>    <object>
        <name>Amazon-logo</name>
        <pose>Unspecified</pose>
        <truncated>0</truncated>
        <difficult>0</difficult>
        <bndbox>
            <xmin>163</xmin>
            <ymin>179</ymin>
            <xmax>376</xmax>
            <ymax>265</ymax>
        </bndbox>
    </object>    <object>
        <name>Amazon-word</name>
        <pose>Unspecified</pose>
        <truncated>0</truncated>
        <difficult>0</difficult>
        <bndbox>
            <xmin>719</xmin>
            <ymin>216</ymin>
            <xmax>761</xmax>
            <ymax>269</ymax>
        </bndbox>
    </object>    <object>
        <name>Amazon-logo</name>
        <pose>Unspecified</pose>
        <truncated>0</truncated>
        <difficult>0</difficult>
        <bndbox>
            <xmin>721</xmin>
            <ymin>249</ymin>
            <xmax>756</xmax>
            <ymax>265</ymax>
        </bndbox>
    </object>    <object>
        <name>Amazon-van</name>
        <pose>Unspecified</pose>
        <truncated>0</truncated>
        <difficult>0</difficult>
        <bndbox>
            <xmin>23</xmin>
            <ymin>0</ymin>
            <xmax>800</xmax>
            <ymax>600</ymax>
        </bndbox>
    </object>
</annotation>
