<annotation>
    <folder>coco2VOC</folder>
    <filename>Amazon-132-_jpg.rf.d961531ff4c9bb24bbee5142329c9e24.jpg</filename>
    <path>C:\Downloads\tmp\coco2VOC\Amazon-132-_jpg.rf.d961531ff4c9bb24bbee5142329c9e24.jpg</path>
    <source>
        <database>Unknown</database>
    </source>
    <size>
        <width>800</width>
        <height>533</height>
        <depth>3</depth>
    </size>
    <segmented>0</segmented>
    <object>
        <name>Amazon-logo</name>
        <pose>Unspecified</pose>
        <truncated>0</truncated>
        <difficult>0</difficult>
        <bndbox>
            <xmin>218</xmin>
            <ymin>188</ymin>
            <xmax>317</xmax>
            <ymax>236</ymax>
        </bndbox>
    </object>    <object>
        <name>Amazon-word</name>
        <pose>Unspecified</pose>
        <truncated>0</truncated>
        <difficult>0</difficult>
        <bndbox>
            <xmin>70</xmin>
            <ymin>201</ymin>
            <xmax>114</xmax>
            <ymax>224</ymax>
        </bndbox>
    </object>    <object>
        <name>Amazon-word</name>
        <pose>Unspecified</pose>
        <truncated>0</truncated>
        <difficult>0</difficult>
        <bndbox>
            <xmin>216</xmin>
            <ymin>183</ymin>
            <xmax>350</xmax>
            <ymax>245</ymax>
        </bndbox>
    </object>    <object>
        <name>Amazon-logo</name>
        <pose>Unspecified</pose>
        <truncated>0</truncated>
        <difficult>0</difficult>
        <bndbox>
            <xmin>78</xmin>
            <ymin>213</ymin>
            <xmax>100</xmax>
            <ymax>222</ymax>
        </bndbox>
    </object>    <object>
        <name>Amazon-van</name>
        <pose>Unspecified</pose>
        <truncated>0</truncated>
        <difficult>0</difficult>
        <bndbox>
            <xmin>105</xmin>
            <ymin>128</ymin>
            <xmax>417</xmax>
            <ymax>362</ymax>
        </bndbox>
    </object>    <object>
        <name>Amazon-word</name>
        <pose>Unspecified</pose>
        <truncated>0</truncated>
        <difficult>0</difficult>
        <bndbox>
            <xmin>417</xmin>
            <ymin>235</ymin>
            <xmax>490</xmax>
            <ymax>256</ymax>
        </bndbox>
    </object>    <object>
        <name>Amazon-logo</name>
        <pose>Unspecified</pose>
        <truncated>0</truncated>
        <difficult>0</difficult>
        <bndbox>
            <xmin>416</xmin>
            <ymin>237</ymin>
            <xmax>469</xmax>
            <ymax>255</ymax>
        </bndbox>
    </object>    <object>
        <name>Amazon-word</name>
        <pose>Unspecified</pose>
        <truncated>0</truncated>
        <difficult>0</difficult>
        <bndbox>
            <xmin>681</xmin>
            <ymin>240</ymin>
            <xmax>723</xmax>
            <ymax>257</ymax>
        </bndbox>
    </object>    <object>
        <name>Amazon-logo</name>
        <pose>Unspecified</pose>
        <truncated>0</truncated>
        <difficult>0</difficult>
        <bndbox>
            <xmin>680</xmin>
            <ymin>241</ymin>
            <xmax>710</xmax>
            <ymax>258</ymax>
        </bndbox>
    </object>    <object>
        <name>Amazon-logo</name>
        <pose>Unspecified</pose>
        <truncated>0</truncated>
        <difficult>0</difficult>
        <bndbox>
            <xmin>577</xmin>
            <ymin>246</ymin>
            <xmax>599</xmax>
            <ymax>255</ymax>
        </bndbox>
    </object>    <object>
        <name>Amazon-van</name>
        <pose>Unspecified</pose>
        <truncated>0</truncated>
        <difficult>0</difficult>
        <bndbox>
            <xmin>379</xmin>
            <ymin>219</ymin>
            <xmax>535</xmax>
            <ymax>289</ymax>
        </bndbox>
    </object>    <object>
        <name>Amazon-van</name>
        <pose>Unspecified</pose>
        <truncated>0</truncated>
        <difficult>0</difficult>
        <bndbox>
            <xmin>446</xmin>
            <ymin>221</ymin>
            <xmax>570</xmax>
            <ymax>294</ymax>
        </bndbox>
    </object>    <object>
        <name>Amazon-van</name>
        <pose>Unspecified</pose>
        <truncated>0</truncated>
        <difficult>0</difficult>
        <bndbox>
            <xmin>611</xmin>
            <ymin>222</ymin>
            <xmax>746</xmax>
            <ymax>301</ymax>
        </bndbox>
    </object>    <object>
        <name>Amazon-van</name>
        <pose>Unspecified</pose>
        <truncated>0</truncated>
        <difficult>0</difficult>
        <bndbox>
            <xmin>511</xmin>
            <ymin>226</ymin>
            <xmax>600</xmax>
            <ymax>300</ymax>
        </bndbox>
    </object>
</annotation>
