<annotation>
    <folder>coco2VOC</folder>
    <filename>Amazon-104-_jpg.rf.5dd8445f66e37bd00ab6a983ff960b09.jpg</filename>
    <path>C:\Downloads\tmp\coco2VOC\Amazon-104-_jpg.rf.5dd8445f66e37bd00ab6a983ff960b09.jpg</path>
    <source>
        <database>Unknown</database>
    </source>
    <size>
        <width>1600</width>
        <height>900</height>
        <depth>3</depth>
    </size>
    <segmented>0</segmented>
    <object>
        <name>Amazon-word</name>
        <pose>Unspecified</pose>
        <truncated>0</truncated>
        <difficult>0</difficult>
        <bndbox>
            <xmin>501</xmin>
            <ymin>188</ymin>
            <xmax>843</xmax>
            <ymax>284</ymax>
        </bndbox>
    </object>    <object>
        <name>Amazon-logo</name>
        <pose>Unspecified</pose>
        <truncated>0</truncated>
        <difficult>0</difficult>
        <bndbox>
            <xmin>505</xmin>
            <ymin>212</ymin>
            <xmax>735</xmax>
            <ymax>281</ymax>
        </bndbox>
    </object>    <object>
        <name>Amazon-van</name>
        <pose>Unspecified</pose>
        <truncated>0</truncated>
        <difficult>0</difficult>
        <bndbox>
            <xmin>469</xmin>
            <ymin>108</ymin>
            <xmax>1226</xmax>
            <ymax>444</ymax>
        </bndbox>
    </object>
</annotation>
