<annotation>
    <folder>coco2VOC</folder>
    <filename>Amazon-21-_jpg.rf.74b7b55fabecf9c8d01ce5760bc61f61.jpg</filename>
    <path>C:\Downloads\tmp\coco2VOC\Amazon-21-_jpg.rf.74b7b55fabecf9c8d01ce5760bc61f61.jpg</path>
    <source>
        <database>Unknown</database>
    </source>
    <size>
        <width>940</width>
        <height>627</height>
        <depth>3</depth>
    </size>
    <segmented>0</segmented>
    <object>
        <name>Amazon-word</name>
        <pose>Unspecified</pose>
        <truncated>0</truncated>
        <difficult>0</difficult>
        <bndbox>
            <xmin>468</xmin>
            <ymin>139</ymin>
            <xmax>683</xmax>
            <ymax>246</ymax>
        </bndbox>
    </object>    <object>
        <name>Amazon-logo</name>
        <pose>Unspecified</pose>
        <truncated>0</truncated>
        <difficult>0</difficult>
        <bndbox>
            <xmin>466</xmin>
            <ymin>169</ymin>
            <xmax>641</xmax>
            <ymax>247</ymax>
        </bndbox>
    </object>    <object>
        <name>Amazon-van</name>
        <pose>Unspecified</pose>
        <truncated>0</truncated>
        <difficult>0</difficult>
        <bndbox>
            <xmin>0</xmin>
            <ymin>0</ymin>
            <xmax>699</xmax>
            <ymax>627</ymax>
        </bndbox>
    </object>
</annotation>
