<annotation>
    <folder>coco2VOC</folder>
    <filename>Amazon-134-_jpg.rf.125c634a51447f9fe863b610f9b04de1.jpg</filename>
    <path>C:\Downloads\tmp\coco2VOC\Amazon-134-_jpg.rf.125c634a51447f9fe863b610f9b04de1.jpg</path>
    <source>
        <database>Unknown</database>
    </source>
    <size>
        <width>931</width>
        <height>523</height>
        <depth>3</depth>
    </size>
    <segmented>0</segmented>
    <object>
        <name>Amazon-word</name>
        <pose>Unspecified</pose>
        <truncated>0</truncated>
        <difficult>0</difficult>
        <bndbox>
            <xmin>13</xmin>
            <ymin>94</ymin>
            <xmax>289</xmax>
            <ymax>188</ymax>
        </bndbox>
    </object>    <object>
        <name>Amazon-logo</name>
        <pose>Unspecified</pose>
        <truncated>0</truncated>
        <difficult>0</difficult>
        <bndbox>
            <xmin>10</xmin>
            <ymin>124</ymin>
            <xmax>202</xmax>
            <ymax>186</ymax>
        </bndbox>
    </object>    <object>
        <name>Amazon-van</name>
        <pose>Unspecified</pose>
        <truncated>0</truncated>
        <difficult>0</difficult>
        <bndbox>
            <xmin>0</xmin>
            <ymin>13</ymin>
            <xmax>749</xmax>
            <ymax>429</ymax>
        </bndbox>
    </object>
</annotation>
