<annotation>
    <folder>coco2VOC</folder>
    <filename>Amazon-5-_jpg.rf.16d486f4ad7781439946950d4a453ed5.jpg</filename>
    <path>C:\Downloads\tmp\coco2VOC\Amazon-5-_jpg.rf.16d486f4ad7781439946950d4a453ed5.jpg</path>
    <source>
        <database>Unknown</database>
    </source>
    <size>
        <width>1200</width>
        <height>675</height>
        <depth>3</depth>
    </size>
    <segmented>0</segmented>
    <object>
        <name>Amazon-word</name>
        <pose>Unspecified</pose>
        <truncated>0</truncated>
        <difficult>0</difficult>
        <bndbox>
            <xmin>0</xmin>
            <ymin>205</ymin>
            <xmax>381</xmax>
            <ymax>353</ymax>
        </bndbox>
    </object>    <object>
        <name>Amazon-word</name>
        <pose>Unspecified</pose>
        <truncated>0</truncated>
        <difficult>0</difficult>
        <bndbox>
            <xmin>672</xmin>
            <ymin>233</ymin>
            <xmax>1064</xmax>
            <ymax>337</ymax>
        </bndbox>
    </object>    <object>
        <name>Amazon-logo</name>
        <pose>Unspecified</pose>
        <truncated>0</truncated>
        <difficult>0</difficult>
        <bndbox>
            <xmin>661</xmin>
            <ymin>234</ymin>
            <xmax>924</xmax>
            <ymax>347</ymax>
        </bndbox>
    </object>    <object>
        <name>Amazon-logo</name>
        <pose>Unspecified</pose>
        <truncated>0</truncated>
        <difficult>0</difficult>
        <bndbox>
            <xmin>0</xmin>
            <ymin>234</ymin>
            <xmax>204</xmax>
            <ymax>352</ymax>
        </bndbox>
    </object>
</annotation>
