<annotation>
    <folder>coco2VOC</folder>
    <filename>Amazon-14-_jpg.rf.8c2d97edea879be58bfdf5988f5f874e.jpg</filename>
    <path>C:\Downloads\tmp\coco2VOC\Amazon-14-_jpg.rf.8c2d97edea879be58bfdf5988f5f874e.jpg</path>
    <source>
        <database>Unknown</database>
    </source>
    <size>
        <width>1600</width>
        <height>1200</height>
        <depth>3</depth>
    </size>
    <segmented>0</segmented>
    <object>
        <name>Amazon-word</name>
        <pose>Unspecified</pose>
        <truncated>0</truncated>
        <difficult>0</difficult>
        <bndbox>
            <xmin>173</xmin>
            <ymin>343</ymin>
            <xmax>909</xmax>
            <ymax>579</ymax>
        </bndbox>
    </object>    <object>
        <name>Amazon-logo</name>
        <pose>Unspecified</pose>
        <truncated>0</truncated>
        <difficult>0</difficult>
        <bndbox>
            <xmin>192</xmin>
            <ymin>428</ymin>
            <xmax>637</xmax>
            <ymax>587</ymax>
        </bndbox>
    </object>    <object>
        <name>Amazon-van</name>
        <pose>Unspecified</pose>
        <truncated>0</truncated>
        <difficult>0</difficult>
        <bndbox>
            <xmin>116</xmin>
            <ymin>150</ymin>
            <xmax>1600</xmax>
            <ymax>1200</ymax>
        </bndbox>
    </object>
</annotation>
