<annotation>
    <folder>coco2VOC</folder>
    <filename>Amazon-51-_jpg.rf.bf71958c7b19847a925947ec332ec92b.jpg</filename>
    <path>C:\Downloads\tmp\coco2VOC\Amazon-51-_jpg.rf.bf71958c7b19847a925947ec332ec92b.jpg</path>
    <source>
        <database>Unknown</database>
    </source>
    <size>
        <width>959</width>
        <height>599</height>
        <depth>3</depth>
    </size>
    <segmented>0</segmented>
    <object>
        <name>Amazon-word</name>
        <pose>Unspecified</pose>
        <truncated>0</truncated>
        <difficult>0</difficult>
        <bndbox>
            <xmin>83</xmin>
            <ymin>250</ymin>
            <xmax>165</xmax>
            <ymax>312</ymax>
        </bndbox>
    </object>    <object>
        <name>Amazon-logo</name>
        <pose>Unspecified</pose>
        <truncated>0</truncated>
        <difficult>0</difficult>
        <bndbox>
            <xmin>85</xmin>
            <ymin>273</ymin>
            <xmax>135</xmax>
            <ymax>312</ymax>
        </bndbox>
    </object>    <object>
        <name>Amazon-van</name>
        <pose>Unspecified</pose>
        <truncated>0</truncated>
        <difficult>0</difficult>
        <bndbox>
            <xmin>79</xmin>
            <ymin>203</ymin>
            <xmax>401</xmax>
            <ymax>448</ymax>
        </bndbox>
    </object>
</annotation>
