<annotation>
    <folder>coco2VOC</folder>
    <filename>Amazon-73-_jpg.rf.37fc734544af80148bdf56a49dc75106.jpg</filename>
    <path>C:\Downloads\tmp\coco2VOC\Amazon-73-_jpg.rf.37fc734544af80148bdf56a49dc75106.jpg</path>
    <source>
        <database>Unknown</database>
    </source>
    <size>
        <width>4719</width>
        <height>2621</height>
        <depth>3</depth>
    </size>
    <segmented>0</segmented>
    <object>
        <name>Amazon-word</name>
        <pose>Unspecified</pose>
        <truncated>0</truncated>
        <difficult>0</difficult>
        <bndbox>
            <xmin>2222</xmin>
            <ymin>780</ymin>
            <xmax>2591</xmax>
            <ymax>1298</ymax>
        </bndbox>
    </object>    <object>
        <name>Amazon-logo</name>
        <pose>Unspecified</pose>
        <truncated>0</truncated>
        <difficult>0</difficult>
        <bndbox>
            <xmin>2222</xmin>
            <ymin>920</ymin>
            <xmax>2486</xmax>
            <ymax>1297</ymax>
        </bndbox>
    </object>    <object>
        <name>Amazon-word</name>
        <pose>Unspecified</pose>
        <truncated>0</truncated>
        <difficult>0</difficult>
        <bndbox>
            <xmin>3302</xmin>
            <ymin>1035</ymin>
            <xmax>3485</xmax>
            <ymax>1435</ymax>
        </bndbox>
    </object>    <object>
        <name>Amazon-logo</name>
        <pose>Unspecified</pose>
        <truncated>0</truncated>
        <difficult>0</difficult>
        <bndbox>
            <xmin>3302</xmin>
            <ymin>1135</ymin>
            <xmax>3448</xmax>
            <ymax>1434</ymax>
        </bndbox>
    </object>    <object>
        <name>Amazon-van</name>
        <pose>Unspecified</pose>
        <truncated>0</truncated>
        <difficult>0</difficult>
        <bndbox>
            <xmin>203</xmin>
            <ymin>236</ymin>
            <xmax>2626</xmax>
            <ymax>2471</ymax>
        </bndbox>
    </object>    <object>
        <name>Amazon-van</name>
        <pose>Unspecified</pose>
        <truncated>0</truncated>
        <difficult>0</difficult>
        <bndbox>
            <xmin>2275</xmin>
            <ymin>678</ymin>
            <xmax>3536</xmax>
            <ymax>2307</ymax>
        </bndbox>
    </object>    <object>
        <name>Amazon-word</name>
        <pose>Unspecified</pose>
        <truncated>0</truncated>
        <difficult>0</difficult>
        <bndbox>
            <xmin>4008</xmin>
            <ymin>1390</ymin>
            <xmax>4102</xmax>
            <ymax>1619</ymax>
        </bndbox>
    </object>    <object>
        <name>Amazon-logo</name>
        <pose>Unspecified</pose>
        <truncated>0</truncated>
        <difficult>0</difficult>
        <bndbox>
            <xmin>4017</xmin>
            <ymin>1439</ymin>
            <xmax>4089</xmax>
            <ymax>1613</ymax>
        </bndbox>
    </object>    <object>
        <name>Amazon-word</name>
        <pose>Unspecified</pose>
        <truncated>0</truncated>
        <difficult>0</difficult>
        <bndbox>
            <xmin>4394</xmin>
            <ymin>1464</ymin>
            <xmax>4482</xmax>
            <ymax>1672</ymax>
        </bndbox>
    </object>    <object>
        <name>Amazon-logo</name>
        <pose>Unspecified</pose>
        <truncated>0</truncated>
        <difficult>0</difficult>
        <bndbox>
            <xmin>4397</xmin>
            <ymin>1513</ymin>
            <xmax>4465</xmax>
            <ymax>1666</ymax>
        </bndbox>
    </object>    <object>
        <name>Amazon-van</name>
        <pose>Unspecified</pose>
        <truncated>0</truncated>
        <difficult>0</difficult>
        <bndbox>
            <xmin>3194</xmin>
            <ymin>1095</ymin>
            <xmax>4132</xmax>
            <ymax>2300</ymax>
        </bndbox>
    </object>    <object>
        <name>Amazon-van</name>
        <pose>Unspecified</pose>
        <truncated>0</truncated>
        <difficult>0</difficult>
        <bndbox>
            <xmin>3738</xmin>
            <ymin>1233</ymin>
            <xmax>4499</xmax>
            <ymax>2279</ymax>
        </bndbox>
    </object>
</annotation>
