<annotation>
    <folder>coco2VOC</folder>
    <filename>Amazon-130-_jpg.rf.d5c4436a1f4d83de0f0974a50e07ac5f.jpg</filename>
    <path>C:\Downloads\tmp\coco2VOC\Amazon-130-_jpg.rf.d5c4436a1f4d83de0f0974a50e07ac5f.jpg</path>
    <source>
        <database>Unknown</database>
    </source>
    <size>
        <width>2000</width>
        <height>1332</height>
        <depth>3</depth>
    </size>
    <segmented>0</segmented>
    <object>
        <name>Amazon-logo</name>
        <pose>Unspecified</pose>
        <truncated>0</truncated>
        <difficult>0</difficult>
        <bndbox>
            <xmin>811</xmin>
            <ymin>507</ymin>
            <xmax>902</xmax>
            <ymax>675</ymax>
        </bndbox>
    </object>    <object>
        <name>Amazon-van</name>
        <pose>Unspecified</pose>
        <truncated>0</truncated>
        <difficult>0</difficult>
        <bndbox>
            <xmin>121</xmin>
            <ymin>320</ymin>
            <xmax>920</xmax>
            <ymax>1081</ymax>
        </bndbox>
    </object>    <object>
        <name>Amazon-word</name>
        <pose>Unspecified</pose>
        <truncated>0</truncated>
        <difficult>0</difficult>
        <bndbox>
            <xmin>375</xmin>
            <ymin>827</ymin>
            <xmax>463</xmax>
            <ymax>865</ymax>
        </bndbox>
    </object>
</annotation>
