<annotation>
    <folder>coco2VOC</folder>
    <filename>Amazon-106-_jpg.rf.2e6c4282475ce7c153babd87a7abcfef.jpg</filename>
    <path>C:\Downloads\tmp\coco2VOC\Amazon-106-_jpg.rf.2e6c4282475ce7c153babd87a7abcfef.jpg</path>
    <source>
        <database>Unknown</database>
    </source>
    <size>
        <width>2000</width>
        <height>1333</height>
        <depth>3</depth>
    </size>
    <segmented>0</segmented>
    <object>
        <name>Amazon-logo</name>
        <pose>Unspecified</pose>
        <truncated>0</truncated>
        <difficult>0</difficult>
        <bndbox>
            <xmin>546</xmin>
            <ymin>608</ymin>
            <xmax>871</xmax>
            <ymax>743</ymax>
        </bndbox>
    </object>    <object>
        <name>Amazon-word</name>
        <pose>Unspecified</pose>
        <truncated>0</truncated>
        <difficult>0</difficult>
        <bndbox>
            <xmin>543</xmin>
            <ymin>598</ymin>
            <xmax>1038</xmax>
            <ymax>757</ymax>
        </bndbox>
    </object>    <object>
        <name>Amazon-van</name>
        <pose>Unspecified</pose>
        <truncated>0</truncated>
        <difficult>0</difficult>
        <bndbox>
            <xmin>302</xmin>
            <ymin>430</ymin>
            <xmax>1381</xmax>
            <ymax>1063</ymax>
        </bndbox>
    </object>
</annotation>
