<annotation>
    <folder>coco2VOC</folder>
    <filename>Amazon-20-_jpg.rf.d6f68afe5e5662b9e4ec2075c04386ed.jpg</filename>
    <path>C:\Downloads\tmp\coco2VOC\Amazon-20-_jpg.rf.d6f68afe5e5662b9e4ec2075c04386ed.jpg</path>
    <source>
        <database>Unknown</database>
    </source>
    <size>
        <width>1024</width>
        <height>512</height>
        <depth>3</depth>
    </size>
    <segmented>0</segmented>
    <object>
        <name>Amazon-logo</name>
        <pose>Unspecified</pose>
        <truncated>0</truncated>
        <difficult>0</difficult>
        <bndbox>
            <xmin>13</xmin>
            <ymin>103</ymin>
            <xmax>322</xmax>
            <ymax>215</ymax>
        </bndbox>
    </object>    <object>
        <name>Amazon-van</name>
        <pose>Unspecified</pose>
        <truncated>0</truncated>
        <difficult>0</difficult>
        <bndbox>
            <xmin>1</xmin>
            <ymin>10</ymin>
            <xmax>828</xmax>
            <ymax>456</ymax>
        </bndbox>
    </object>
</annotation>
