<annotation>
    <folder>coco2VOC</folder>
    <filename>Amazon-49-_jpg.rf.9357481eb37003784858a983c9613d3b.jpg</filename>
    <path>C:\Downloads\tmp\coco2VOC\Amazon-49-_jpg.rf.9357481eb37003784858a983c9613d3b.jpg</path>
    <source>
        <database>Unknown</database>
    </source>
    <size>
        <width>960</width>
        <height>575</height>
        <depth>3</depth>
    </size>
    <segmented>0</segmented>
    <object>
        <name>Amazon-word</name>
        <pose>Unspecified</pose>
        <truncated>0</truncated>
        <difficult>0</difficult>
        <bndbox>
            <xmin>501</xmin>
            <ymin>263</ymin>
            <xmax>742</xmax>
            <ymax>351</ymax>
        </bndbox>
    </object>    <object>
        <name>Amazon-word</name>
        <pose>Unspecified</pose>
        <truncated>0</truncated>
        <difficult>0</difficult>
        <bndbox>
            <xmin>38</xmin>
            <ymin>280</ymin>
            <xmax>278</xmax>
            <ymax>344</ymax>
        </bndbox>
    </object>    <object>
        <name>Amazon-word</name>
        <pose>Unspecified</pose>
        <truncated>0</truncated>
        <difficult>0</difficult>
        <bndbox>
            <xmin>858</xmin>
            <ymin>299</ymin>
            <xmax>911</xmax>
            <ymax>330</ymax>
        </bndbox>
    </object>    <object>
        <name>Amazon-logo</name>
        <pose>Unspecified</pose>
        <truncated>0</truncated>
        <difficult>0</difficult>
        <bndbox>
            <xmin>505</xmin>
            <ymin>286</ymin>
            <xmax>668</xmax>
            <ymax>352</ymax>
        </bndbox>
    </object>    <object>
        <name>Amazon-logo</name>
        <pose>Unspecified</pose>
        <truncated>0</truncated>
        <difficult>0</difficult>
        <bndbox>
            <xmin>40</xmin>
            <ymin>300</ymin>
            <xmax>204</xmax>
            <ymax>341</ymax>
        </bndbox>
    </object>    <object>
        <name>Amazon-logo</name>
        <pose>Unspecified</pose>
        <truncated>0</truncated>
        <difficult>0</difficult>
        <bndbox>
            <xmin>869</xmin>
            <ymin>317</ymin>
            <xmax>893</xmax>
            <ymax>326</ymax>
        </bndbox>
    </object>    <object>
        <name>Amazon-van</name>
        <pose>Unspecified</pose>
        <truncated>0</truncated>
        <difficult>0</difficult>
        <bndbox>
            <xmin>0</xmin>
            <ymin>239</ymin>
            <xmax>343</xmax>
            <ymax>489</ymax>
        </bndbox>
    </object>    <object>
        <name>Amazon-van</name>
        <pose>Unspecified</pose>
        <truncated>0</truncated>
        <difficult>0</difficult>
        <bndbox>
            <xmin>331</xmin>
            <ymin>198</ymin>
            <xmax>931</xmax>
            <ymax>532</ymax>
        </bndbox>
    </object>
</annotation>
