<annotation>
    <folder>coco2VOC</folder>
    <filename>Amazon-115-_jpg.rf.d61c4f66687618260d4b6094b7dd9d17.jpg</filename>
    <path>C:\Downloads\tmp\coco2VOC\Amazon-115-_jpg.rf.d61c4f66687618260d4b6094b7dd9d17.jpg</path>
    <source>
        <database>Unknown</database>
    </source>
    <size>
        <width>561</width>
        <height>327</height>
        <depth>3</depth>
    </size>
    <segmented>0</segmented>
    <object>
        <name>Amazon-logo</name>
        <pose>Unspecified</pose>
        <truncated>0</truncated>
        <difficult>0</difficult>
        <bndbox>
            <xmin>92</xmin>
            <ymin>64</ymin>
            <xmax>319</xmax>
            <ymax>193</ymax>
        </bndbox>
    </object>    <object>
        <name>Amazon-truck</name>
        <pose>Unspecified</pose>
        <truncated>0</truncated>
        <difficult>0</difficult>
        <bndbox>
            <xmin>30</xmin>
            <ymin>6</ymin>
            <xmax>458</xmax>
            <ymax>270</ymax>
        </bndbox>
    </object>
</annotation>
