<annotation>
    <folder>coco2VOC</folder>
    <filename>FedEx83_jpeg.rf.ab4b3b8b1b1f932bb66db80015fea269.jpg</filename>
    <path>C:\Downloads\tmp\coco2VOC\FedEx83_jpeg.rf.ab4b3b8b1b1f932bb66db80015fea269.jpg</path>
    <source>
        <database>Unknown</database>
    </source>
    <size>
        <width>275</width>
        <height>183</height>
        <depth>3</depth>
    </size>
    <segmented>0</segmented>
    <object>
        <name>Fedex-logo</name>
        <pose>Unspecified</pose>
        <truncated>0</truncated>
        <difficult>0</difficult>
        <bndbox>
            <xmin>116</xmin>
            <ymin>52</ymin>
            <xmax>275</xmax>
            <ymax>111</ymax>
        </bndbox>
    </object>
</annotation>
