<annotation>
    <folder>coco2VOC</folder>
    <filename>FedEx66_jpeg.rf.80a8a8a087deb50ba99ba31d24ce8b7f.jpg</filename>
    <path>C:\Downloads\tmp\coco2VOC\FedEx66_jpeg.rf.80a8a8a087deb50ba99ba31d24ce8b7f.jpg</path>
    <source>
        <database>Unknown</database>
    </source>
    <size>
        <width>299</width>
        <height>168</height>
        <depth>3</depth>
    </size>
    <segmented>0</segmented>
    <object>
        <name>Fedex-logo</name>
        <pose>Unspecified</pose>
        <truncated>0</truncated>
        <difficult>0</difficult>
        <bndbox>
            <xmin>105</xmin>
            <ymin>125</ymin>
            <xmax>128</xmax>
            <ymax>135</ymax>
        </bndbox>
    </object>    <object>
        <name>Fedex-logo</name>
        <pose>Unspecified</pose>
        <truncated>0</truncated>
        <difficult>0</difficult>
        <bndbox>
            <xmin>106</xmin>
            <ymin>67</ymin>
            <xmax>131</xmax>
            <ymax>81</ymax>
        </bndbox>
    </object>    <object>
        <name>Fedex-truck</name>
        <pose>Unspecified</pose>
        <truncated>0</truncated>
        <difficult>0</difficult>
        <bndbox>
            <xmin>62</xmin>
            <ymin>3</ymin>
            <xmax>145</xmax>
            <ymax>168</ymax>
        </bndbox>
    </object>    <object>
        <name>Fedex-truck</name>
        <pose>Unspecified</pose>
        <truncated>0</truncated>
        <difficult>0</difficult>
        <bndbox>
            <xmin>216</xmin>
            <ymin>42</ymin>
            <xmax>299</xmax>
            <ymax>143</ymax>
        </bndbox>
    </object>    <object>
        <name>Fedex-logo</name>
        <pose>Unspecified</pose>
        <truncated>0</truncated>
        <difficult>0</difficult>
        <bndbox>
            <xmin>225</xmin>
            <ymin>72</ymin>
            <xmax>299</xmax>
            <ymax>116</ymax>
        </bndbox>
    </object>
</annotation>
