<annotation>
    <folder>coco2VOC</folder>
    <filename>FedEx15_jpeg.rf.c3693246f64ee2dfe488bce5316afd50.jpg</filename>
    <path>C:\Downloads\tmp\coco2VOC\FedEx15_jpeg.rf.c3693246f64ee2dfe488bce5316afd50.jpg</path>
    <source>
        <database>Unknown</database>
    </source>
    <size>
        <width>236</width>
        <height>214</height>
        <depth>3</depth>
    </size>
    <segmented>0</segmented>
    <object>
        <name>Fedex-logo</name>
        <pose>Unspecified</pose>
        <truncated>0</truncated>
        <difficult>0</difficult>
        <bndbox>
            <xmin>122</xmin>
            <ymin>127</ymin>
            <xmax>224</xmax>
            <ymax>161</ymax>
        </bndbox>
    </object>    <object>
        <name>Fedex-logo</name>
        <pose>Unspecified</pose>
        <truncated>0</truncated>
        <difficult>0</difficult>
        <bndbox>
            <xmin>41</xmin>
            <ymin>140</ymin>
            <xmax>58</xmax>
            <ymax>150</ymax>
        </bndbox>
    </object>    <object>
        <name>Fedex-logo</name>
        <pose>Unspecified</pose>
        <truncated>0</truncated>
        <difficult>0</difficult>
        <bndbox>
            <xmin>59</xmin>
            <ymin>139</ymin>
            <xmax>89</xmax>
            <ymax>151</ymax>
        </bndbox>
    </object>    <object>
        <name>Fedex-logo</name>
        <pose>Unspecified</pose>
        <truncated>0</truncated>
        <difficult>0</difficult>
        <bndbox>
            <xmin>89</xmin>
            <ymin>137</ymin>
            <xmax>133</xmax>
            <ymax>154</ymax>
        </bndbox>
    </object>    <object>
        <name>Fedex-logo</name>
        <pose>Unspecified</pose>
        <truncated>0</truncated>
        <difficult>0</difficult>
        <bndbox>
            <xmin>29</xmin>
            <ymin>142</ymin>
            <xmax>43</xmax>
            <ymax>150</ymax>
        </bndbox>
    </object>    <object>
        <name>Fedex-van</name>
        <pose>Unspecified</pose>
        <truncated>0</truncated>
        <difficult>0</difficult>
        <bndbox>
            <xmin>17</xmin>
            <ymin>140</ymin>
            <xmax>35</xmax>
            <ymax>167</ymax>
        </bndbox>
    </object>    <object>
        <name>Fedex-van</name>
        <pose>Unspecified</pose>
        <truncated>0</truncated>
        <difficult>0</difficult>
        <bndbox>
            <xmin>25</xmin>
            <ymin>137</ymin>
            <xmax>48</xmax>
            <ymax>171</ymax>
        </bndbox>
    </object>    <object>
        <name>Fedex-van</name>
        <pose>Unspecified</pose>
        <truncated>0</truncated>
        <difficult>0</difficult>
        <bndbox>
            <xmin>35</xmin>
            <ymin>135</ymin>
            <xmax>64</xmax>
            <ymax>174</ymax>
        </bndbox>
    </object>    <object>
        <name>Fedex-van</name>
        <pose>Unspecified</pose>
        <truncated>0</truncated>
        <difficult>0</difficult>
        <bndbox>
            <xmin>50</xmin>
            <ymin>131</ymin>
            <xmax>95</xmax>
            <ymax>180</ymax>
        </bndbox>
    </object>    <object>
        <name>Fedex-van</name>
        <pose>Unspecified</pose>
        <truncated>0</truncated>
        <difficult>0</difficult>
        <bndbox>
            <xmin>77</xmin>
            <ymin>126</ymin>
            <xmax>134</xmax>
            <ymax>192</ymax>
        </bndbox>
    </object>    <object>
        <name>Fedex-van</name>
        <pose>Unspecified</pose>
        <truncated>0</truncated>
        <difficult>0</difficult>
        <bndbox>
            <xmin>109</xmin>
            <ymin>105</ymin>
            <xmax>233</xmax>
            <ymax>214</ymax>
        </bndbox>
    </object>
</annotation>
