<annotation>
    <folder>coco2VOC</folder>
    <filename>FedEx194_jpeg.rf.918597d0243c7dbc6111f2c1c20ad94c.jpg</filename>
    <path>C:\Downloads\tmp\coco2VOC\FedEx194_jpeg.rf.918597d0243c7dbc6111f2c1c20ad94c.jpg</path>
    <source>
        <database>Unknown</database>
    </source>
    <size>
        <width>275</width>
        <height>183</height>
        <depth>3</depth>
    </size>
    <segmented>0</segmented>
    <object>
        <name>Fedex-van</name>
        <pose>Unspecified</pose>
        <truncated>0</truncated>
        <difficult>0</difficult>
        <bndbox>
            <xmin>50</xmin>
            <ymin>59</ymin>
            <xmax>259</xmax>
            <ymax>155</ymax>
        </bndbox>
    </object>    <object>
        <name>Fedex-logo</name>
        <pose>Unspecified</pose>
        <truncated>0</truncated>
        <difficult>0</difficult>
        <bndbox>
            <xmin>146</xmin>
            <ymin>71</ymin>
            <xmax>214</xmax>
            <ymax>100</ymax>
        </bndbox>
    </object>
</annotation>
