<annotation>
    <folder>coco2VOC</folder>
    <filename>FedEx22_jpeg.rf.433b0a4d3658b2a5f6b57dbd2cd7b78e.jpg</filename>
    <path>C:\Downloads\tmp\coco2VOC\FedEx22_jpeg.rf.433b0a4d3658b2a5f6b57dbd2cd7b78e.jpg</path>
    <source>
        <database>Unknown</database>
    </source>
    <size>
        <width>309</width>
        <height>163</height>
        <depth>3</depth>
    </size>
    <segmented>0</segmented>
    <object>
        <name>Fedex-logo</name>
        <pose>Unspecified</pose>
        <truncated>0</truncated>
        <difficult>0</difficult>
        <bndbox>
            <xmin>24</xmin>
            <ymin>34</ymin>
            <xmax>192</xmax>
            <ymax>89</ymax>
        </bndbox>
    </object>    <object>
        <name>Fedex-van</name>
        <pose>Unspecified</pose>
        <truncated>0</truncated>
        <difficult>0</difficult>
        <bndbox>
            <xmin>7</xmin>
            <ymin>26</ymin>
            <xmax>302</xmax>
            <ymax>139</ymax>
        </bndbox>
    </object>
</annotation>
