<annotation>
    <folder>coco2VOC</folder>
    <filename>FedEx91_jpeg.rf.f0846457f9d315bdc6b10526be7e3208.jpg</filename>
    <path>C:\Downloads\tmp\coco2VOC\FedEx91_jpeg.rf.f0846457f9d315bdc6b10526be7e3208.jpg</path>
    <source>
        <database>Unknown</database>
    </source>
    <size>
        <width>275</width>
        <height>183</height>
        <depth>3</depth>
    </size>
    <segmented>0</segmented>
    <object>
        <name>Fedex-van</name>
        <pose>Unspecified</pose>
        <truncated>0</truncated>
        <difficult>0</difficult>
        <bndbox>
            <xmin>117</xmin>
            <ymin>35</ymin>
            <xmax>246</xmax>
            <ymax>171</ymax>
        </bndbox>
    </object>    <object>
        <name>Fedex-logo</name>
        <pose>Unspecified</pose>
        <truncated>0</truncated>
        <difficult>0</difficult>
        <bndbox>
            <xmin>153</xmin>
            <ymin>60</ymin>
            <xmax>231</xmax>
            <ymax>88</ymax>
        </bndbox>
    </object>    <object>
        <name>Fedex-logo</name>
        <pose>Unspecified</pose>
        <truncated>0</truncated>
        <difficult>0</difficult>
        <bndbox>
            <xmin>122</xmin>
            <ymin>74</ymin>
            <xmax>140</xmax>
            <ymax>108</ymax>
        </bndbox>
    </object>
</annotation>
