<annotation>
    <folder>coco2VOC</folder>
    <filename>FedEx276_jpeg.rf.77ac6cc59ddedd1614a5303537f0781f.jpg</filename>
    <path>C:\Downloads\tmp\coco2VOC\FedEx276_jpeg.rf.77ac6cc59ddedd1614a5303537f0781f.jpg</path>
    <source>
        <database>Unknown</database>
    </source>
    <size>
        <width>259</width>
        <height>194</height>
        <depth>3</depth>
    </size>
    <segmented>0</segmented>
    <object>
        <name>Fedex-logo</name>
        <pose>Unspecified</pose>
        <truncated>0</truncated>
        <difficult>0</difficult>
        <bndbox>
            <xmin>97</xmin>
            <ymin>60</ymin>
            <xmax>153</xmax>
            <ymax>95</ymax>
        </bndbox>
    </object>    <object>
        <name>Fedex-logo</name>
        <pose>Unspecified</pose>
        <truncated>0</truncated>
        <difficult>0</difficult>
        <bndbox>
            <xmin>29</xmin>
            <ymin>70</ymin>
            <xmax>56</xmax>
            <ymax>88</ymax>
        </bndbox>
    </object>    <object>
        <name>Fedex-truck</name>
        <pose>Unspecified</pose>
        <truncated>0</truncated>
        <difficult>0</difficult>
        <bndbox>
            <xmin>11</xmin>
            <ymin>39</ymin>
            <xmax>253</xmax>
            <ymax>138</ymax>
        </bndbox>
    </object>
</annotation>
