<annotation>
    <folder>coco2VOC</folder>
    <filename>FedEx101_jpeg.rf.5e192e34bfe90535c3ad6c4daad59b3e.jpg</filename>
    <path>C:\Downloads\tmp\coco2VOC\FedEx101_jpeg.rf.5e192e34bfe90535c3ad6c4daad59b3e.jpg</path>
    <source>
        <database>Unknown</database>
    </source>
    <size>
        <width>300</width>
        <height>168</height>
        <depth>3</depth>
    </size>
    <segmented>0</segmented>
    <object>
        <name>Fedex-van</name>
        <pose>Unspecified</pose>
        <truncated>0</truncated>
        <difficult>0</difficult>
        <bndbox>
            <xmin>149</xmin>
            <ymin>83</ymin>
            <xmax>247.93</xmax>
            <ymax>133.99</ymax>
        </bndbox>
    </object>    <object>
        <name>Fedex-van</name>
        <pose>Unspecified</pose>
        <truncated>0</truncated>
        <difficult>0</difficult>
        <bndbox>
            <xmin>39</xmin>
            <ymin>87</ymin>
            <xmax>132.54000000000002</xmax>
            <ymax>128.92000000000002</ymax>
        </bndbox>
    </object>    <object>
        <name>Fedex-logo</name>
        <pose>Unspecified</pose>
        <truncated>0</truncated>
        <difficult>0</difficult>
        <bndbox>
            <xmin>172</xmin>
            <ymin>88</ymin>
            <xmax>211.32999999999998</xmax>
            <ymax>109.7</ymax>
        </bndbox>
    </object>    <object>
        <name>Fedex-logo</name>
        <pose>Unspecified</pose>
        <truncated>0</truncated>
        <difficult>0</difficult>
        <bndbox>
            <xmin>51</xmin>
            <ymin>89</ymin>
            <xmax>91.89</xmax>
            <ymax>109.2</ymax>
        </bndbox>
    </object>
</annotation>
