<annotation>
    <folder>coco2VOC</folder>
    <filename>FedEx40_jpeg.rf.d8c8b275fdadea9501f0362d5c2aa70a.jpg</filename>
    <path>C:\Downloads\tmp\coco2VOC\FedEx40_jpeg.rf.d8c8b275fdadea9501f0362d5c2aa70a.jpg</path>
    <source>
        <database>Unknown</database>
    </source>
    <size>
        <width>220</width>
        <height>159</height>
        <depth>3</depth>
    </size>
    <segmented>0</segmented>
    <object>
        <name>Fedex-van</name>
        <pose>Unspecified</pose>
        <truncated>0</truncated>
        <difficult>0</difficult>
        <bndbox>
            <xmin>0</xmin>
            <ymin>53</ymin>
            <xmax>220</xmax>
            <ymax>157</ymax>
        </bndbox>
    </object>    <object>
        <name>Fedex-logo</name>
        <pose>Unspecified</pose>
        <truncated>0</truncated>
        <difficult>0</difficult>
        <bndbox>
            <xmin>85</xmin>
            <ymin>59</ymin>
            <xmax>209</xmax>
            <ymax>97</ymax>
        </bndbox>
    </object>
</annotation>
