<annotation>
    <folder>coco2VOC</folder>
    <filename>FedEx3_jpeg.rf.62bb102817f7a5c07b078e696ca497fc.jpg</filename>
    <path>C:\Downloads\tmp\coco2VOC\FedEx3_jpeg.rf.62bb102817f7a5c07b078e696ca497fc.jpg</path>
    <source>
        <database>Unknown</database>
    </source>
    <size>
        <width>279</width>
        <height>180</height>
        <depth>3</depth>
    </size>
    <segmented>0</segmented>
    <object>
        <name>Fedex-logo</name>
        <pose>Unspecified</pose>
        <truncated>0</truncated>
        <difficult>0</difficult>
        <bndbox>
            <xmin>17</xmin>
            <ymin>34</ymin>
            <xmax>84</xmax>
            <ymax>106</ymax>
        </bndbox>
    </object>    <object>
        <name>Fedex-van</name>
        <pose>Unspecified</pose>
        <truncated>0</truncated>
        <difficult>0</difficult>
        <bndbox>
            <xmin>13</xmin>
            <ymin>2</ymin>
            <xmax>277</xmax>
            <ymax>177</ymax>
        </bndbox>
    </object>
</annotation>
