<annotation>
    <folder>coco2VOC</folder>
    <filename>FedEx284_jpeg.rf.99b8b6bea0707b4a07c9f34464e183a3.jpg</filename>
    <path>C:\Downloads\tmp\coco2VOC\FedEx284_jpeg.rf.99b8b6bea0707b4a07c9f34464e183a3.jpg</path>
    <source>
        <database>Unknown</database>
    </source>
    <size>
        <width>225</width>
        <height>225</height>
        <depth>3</depth>
    </size>
    <segmented>0</segmented>
    <object>
        <name>Fedex-van</name>
        <pose>Unspecified</pose>
        <truncated>0</truncated>
        <difficult>0</difficult>
        <bndbox>
            <xmin>1</xmin>
            <ymin>35</ymin>
            <xmax>225</xmax>
            <ymax>172</ymax>
        </bndbox>
    </object>    <object>
        <name>Fedex-word</name>
        <pose>Unspecified</pose>
        <truncated>0</truncated>
        <difficult>0</difficult>
        <bndbox>
            <xmin>54</xmin>
            <ymin>45</ymin>
            <xmax>225</xmax>
            <ymax>110</ymax>
        </bndbox>
    </object>
</annotation>
