<annotation>
    <folder>coco2VOC</folder>
    <filename>FedEx62_jpeg.rf.b49c68f20ba3856393b70d260d239e0e.jpg</filename>
    <path>C:\Downloads\tmp\coco2VOC\FedEx62_jpeg.rf.b49c68f20ba3856393b70d260d239e0e.jpg</path>
    <source>
        <database>Unknown</database>
    </source>
    <size>
        <width>303</width>
        <height>166</height>
        <depth>3</depth>
    </size>
    <segmented>0</segmented>
    <object>
        <name>Fedex-logo</name>
        <pose>Unspecified</pose>
        <truncated>0</truncated>
        <difficult>0</difficult>
        <bndbox>
            <xmin>93</xmin>
            <ymin>44</ymin>
            <xmax>270</xmax>
            <ymax>98</ymax>
        </bndbox>
    </object>    <object>
        <name>Fedex-van</name>
        <pose>Unspecified</pose>
        <truncated>0</truncated>
        <difficult>0</difficult>
        <bndbox>
            <xmin>0</xmin>
            <ymin>36</ymin>
            <xmax>303</xmax>
            <ymax>157</ymax>
        </bndbox>
    </object>
</annotation>
