<annotation>
    <folder>coco2VOC</folder>
    <filename>FedEx208_jpeg.rf.3eff60dd4aabddcc4ebb731c3dddc719.jpg</filename>
    <path>C:\Downloads\tmp\coco2VOC\FedEx208_jpeg.rf.3eff60dd4aabddcc4ebb731c3dddc719.jpg</path>
    <source>
        <database>Unknown</database>
    </source>
    <size>
        <width>300</width>
        <height>168</height>
        <depth>3</depth>
    </size>
    <segmented>0</segmented>
    <object>
        <name>Fedex-logo</name>
        <pose>Unspecified</pose>
        <truncated>0</truncated>
        <difficult>0</difficult>
        <bndbox>
            <xmin>72</xmin>
            <ymin>28</ymin>
            <xmax>176</xmax>
            <ymax>87</ymax>
        </bndbox>
    </object>    <object>
        <name>Fedex-logo</name>
        <pose>Unspecified</pose>
        <truncated>0</truncated>
        <difficult>0</difficult>
        <bndbox>
            <xmin>241</xmin>
            <ymin>56</ymin>
            <xmax>277</xmax>
            <ymax>88</ymax>
        </bndbox>
    </object>    <object>
        <name>Fedex-van</name>
        <pose>Unspecified</pose>
        <truncated>0</truncated>
        <difficult>0</difficult>
        <bndbox>
            <xmin>32</xmin>
            <ymin>10</ymin>
            <xmax>285</xmax>
            <ymax>145</ymax>
        </bndbox>
    </object>
</annotation>
