<annotation>
    <folder>coco2VOC</folder>
    <filename>FedEx193_jpeg.rf.233e72722b5faa2f922ba335502fb447.jpg</filename>
    <path>C:\Downloads\tmp\coco2VOC\FedEx193_jpeg.rf.233e72722b5faa2f922ba335502fb447.jpg</path>
    <source>
        <database>Unknown</database>
    </source>
    <size>
        <width>300</width>
        <height>168</height>
        <depth>3</depth>
    </size>
    <segmented>0</segmented>
    <object>
        <name>Fedex-logo</name>
        <pose>Unspecified</pose>
        <truncated>0</truncated>
        <difficult>0</difficult>
        <bndbox>
            <xmin>71</xmin>
            <ymin>46</ymin>
            <xmax>102</xmax>
            <ymax>69</ymax>
        </bndbox>
    </object>    <object>
        <name>Fedex-logo</name>
        <pose>Unspecified</pose>
        <truncated>0</truncated>
        <difficult>0</difficult>
        <bndbox>
            <xmin>149</xmin>
            <ymin>53</ymin>
            <xmax>204</xmax>
            <ymax>80</ymax>
        </bndbox>
    </object>    <object>
        <name>Fedex-logo</name>
        <pose>Unspecified</pose>
        <truncated>0</truncated>
        <difficult>0</difficult>
        <bndbox>
            <xmin>239</xmin>
            <ymin>68</ymin>
            <xmax>255</xmax>
            <ymax>79</ymax>
        </bndbox>
    </object>    <object>
        <name>Fedex-truck</name>
        <pose>Unspecified</pose>
        <truncated>0</truncated>
        <difficult>0</difficult>
        <bndbox>
            <xmin>32</xmin>
            <ymin>36</ymin>
            <xmax>258</xmax>
            <ymax>113</ymax>
        </bndbox>
    </object>
</annotation>
