<annotation>
    <folder>coco2VOC</folder>
    <filename>FedEx186_jpeg.rf.678670ca8b800dc2e80e11e022630581.jpg</filename>
    <path>C:\Downloads\tmp\coco2VOC\FedEx186_jpeg.rf.678670ca8b800dc2e80e11e022630581.jpg</path>
    <source>
        <database>Unknown</database>
    </source>
    <size>
        <width>299</width>
        <height>169</height>
        <depth>3</depth>
    </size>
    <segmented>0</segmented>
    <object>
        <name>Fedex-logo</name>
        <pose>Unspecified</pose>
        <truncated>0</truncated>
        <difficult>0</difficult>
        <bndbox>
            <xmin>23</xmin>
            <ymin>16</ymin>
            <xmax>287</xmax>
            <ymax>93</ymax>
        </bndbox>
    </object>
</annotation>
