<annotation>
    <folder>coco2VOC</folder>
    <filename>FedEx308_jpeg.rf.03770e31734c5e613c911cf182c66f0d.jpg</filename>
    <path>C:\Downloads\tmp\coco2VOC\FedEx308_jpeg.rf.03770e31734c5e613c911cf182c66f0d.jpg</path>
    <source>
        <database>Unknown</database>
    </source>
    <size>
        <width>100</width>
        <height>100</height>
        <depth>3</depth>
    </size>
    <segmented>0</segmented>
    <object>
        <name>Fedex-logo</name>
        <pose>Unspecified</pose>
        <truncated>0</truncated>
        <difficult>0</difficult>
        <bndbox>
            <xmin>16</xmin>
            <ymin>48</ymin>
            <xmax>50</xmax>
            <ymax>65</ymax>
        </bndbox>
    </object>    <object>
        <name>Fedex-van</name>
        <pose>Unspecified</pose>
        <truncated>0</truncated>
        <difficult>0</difficult>
        <bndbox>
            <xmin>14</xmin>
            <ymin>42</ymin>
            <xmax>100</xmax>
            <ymax>88</ymax>
        </bndbox>
    </object>
</annotation>
