<annotation>
    <folder>coco2VOC</folder>
    <filename>FedEx45_jpeg.rf.b6512673951fa0bd0011b6f3da0d5ccc.jpg</filename>
    <path>C:\Downloads\tmp\coco2VOC\FedEx45_jpeg.rf.b6512673951fa0bd0011b6f3da0d5ccc.jpg</path>
    <source>
        <database>Unknown</database>
    </source>
    <size>
        <width>287</width>
        <height>176</height>
        <depth>3</depth>
    </size>
    <segmented>0</segmented>
    <object>
        <name>Fedex-logo</name>
        <pose>Unspecified</pose>
        <truncated>0</truncated>
        <difficult>0</difficult>
        <bndbox>
            <xmin>132</xmin>
            <ymin>20</ymin>
            <xmax>279</xmax>
            <ymax>73</ymax>
        </bndbox>
    </object>    <object>
        <name>Fedex-van</name>
        <pose>Unspecified</pose>
        <truncated>0</truncated>
        <difficult>0</difficult>
        <bndbox>
            <xmin>9</xmin>
            <ymin>15</ymin>
            <xmax>287</xmax>
            <ymax>141</ymax>
        </bndbox>
    </object>
</annotation>
