<annotation>
    <folder>coco2VOC</folder>
    <filename>FedEx237_jpeg.rf.82ad06ea973b5823b4694305a4320cf9.jpg</filename>
    <path>C:\Downloads\tmp\coco2VOC\FedEx237_jpeg.rf.82ad06ea973b5823b4694305a4320cf9.jpg</path>
    <source>
        <database>Unknown</database>
    </source>
    <size>
        <width>300</width>
        <height>168</height>
        <depth>3</depth>
    </size>
    <segmented>0</segmented>
    <object>
        <name>Fedex-logo</name>
        <pose>Unspecified</pose>
        <truncated>0</truncated>
        <difficult>0</difficult>
        <bndbox>
            <xmin>233</xmin>
            <ymin>12</ymin>
            <xmax>274</xmax>
            <ymax>44</ymax>
        </bndbox>
    </object>    <object>
        <name>Fedex-truck</name>
        <pose>Unspecified</pose>
        <truncated>0</truncated>
        <difficult>0</difficult>
        <bndbox>
            <xmin>92</xmin>
            <ymin>3</ymin>
            <xmax>300</xmax>
            <ymax>117</ymax>
        </bndbox>
    </object>    <object>
        <name>Fedex-logo</name>
        <pose>Unspecified</pose>
        <truncated>0</truncated>
        <difficult>0</difficult>
        <bndbox>
            <xmin>104</xmin>
            <ymin>47</ymin>
            <xmax>185</xmax>
            <ymax>83</ymax>
        </bndbox>
    </object>
</annotation>
