<annotation>
    <folder>coco2VOC</folder>
    <filename>FedEx238_jpeg.rf.44c7e3dc44d50a47adc58c0bbaf93f51.jpg</filename>
    <path>C:\Downloads\tmp\coco2VOC\FedEx238_jpeg.rf.44c7e3dc44d50a47adc58c0bbaf93f51.jpg</path>
    <source>
        <database>Unknown</database>
    </source>
    <size>
        <width>300</width>
        <height>168</height>
        <depth>3</depth>
    </size>
    <segmented>0</segmented>
    <object>
        <name>Fedex-word</name>
        <pose>Unspecified</pose>
        <truncated>0</truncated>
        <difficult>0</difficult>
        <bndbox>
            <xmin>64</xmin>
            <ymin>32</ymin>
            <xmax>146</xmax>
            <ymax>62</ymax>
        </bndbox>
    </object>    <object>
        <name>Fedex-word</name>
        <pose>Unspecified</pose>
        <truncated>0</truncated>
        <difficult>0</difficult>
        <bndbox>
            <xmin>167</xmin>
            <ymin>23</ymin>
            <xmax>208</xmax>
            <ymax>81</ymax>
        </bndbox>
    </object>    <object>
        <name>Fedex-van</name>
        <pose>Unspecified</pose>
        <truncated>0</truncated>
        <difficult>0</difficult>
        <bndbox>
            <xmin>48</xmin>
            <ymin>0</ymin>
            <xmax>227</xmax>
            <ymax>151</ymax>
        </bndbox>
    </object>
</annotation>
