<annotation>
    <folder>coco2VOC</folder>
    <filename>FedEx165_jpeg.rf.2306f24313c60dab6ee8f98aa493a350.jpg</filename>
    <path>C:\Downloads\tmp\coco2VOC\FedEx165_jpeg.rf.2306f24313c60dab6ee8f98aa493a350.jpg</path>
    <source>
        <database>Unknown</database>
    </source>
    <size>
        <width>300</width>
        <height>168</height>
        <depth>3</depth>
    </size>
    <segmented>0</segmented>
    <object>
        <name>Fedex-logo</name>
        <pose>Unspecified</pose>
        <truncated>0</truncated>
        <difficult>0</difficult>
        <bndbox>
            <xmin>161</xmin>
            <ymin>21</ymin>
            <xmax>259</xmax>
            <ymax>77</ymax>
        </bndbox>
    </object>    <object>
        <name>Fedex-van</name>
        <pose>Unspecified</pose>
        <truncated>0</truncated>
        <difficult>0</difficult>
        <bndbox>
            <xmin>12</xmin>
            <ymin>3</ymin>
            <xmax>297</xmax>
            <ymax>158</ymax>
        </bndbox>
    </object>
</annotation>
