<annotation>
    <folder>coco2VOC</folder>
    <filename>FedEx293_jpeg.rf.54c9720312dcbaf921dea8e0f9f6be66.jpg</filename>
    <path>C:\Downloads\tmp\coco2VOC\FedEx293_jpeg.rf.54c9720312dcbaf921dea8e0f9f6be66.jpg</path>
    <source>
        <database>Unknown</database>
    </source>
    <size>
        <width>259</width>
        <height>194</height>
        <depth>3</depth>
    </size>
    <segmented>0</segmented>
    <object>
        <name>Fedex-van</name>
        <pose>Unspecified</pose>
        <truncated>0</truncated>
        <difficult>0</difficult>
        <bndbox>
            <xmin>30</xmin>
            <ymin>47</ymin>
            <xmax>219.6</xmax>
            <ymax>181.31</ymax>
        </bndbox>
    </object>    <object>
        <name>Fedex-logo</name>
        <pose>Unspecified</pose>
        <truncated>0</truncated>
        <difficult>0</difficult>
        <bndbox>
            <xmin>162</xmin>
            <ymin>69</ymin>
            <xmax>219.59</xmax>
            <ymax>119.97</ymax>
        </bndbox>
    </object>
</annotation>
