<annotation>
    <folder>coco2VOC</folder>
    <filename>FedEx98_jpeg.rf.97f0699379b96494ec4170624eb3d571.jpg</filename>
    <path>C:\Downloads\tmp\coco2VOC\FedEx98_jpeg.rf.97f0699379b96494ec4170624eb3d571.jpg</path>
    <source>
        <database>Unknown</database>
    </source>
    <size>
        <width>189</width>
        <height>267</height>
        <depth>3</depth>
    </size>
    <segmented>0</segmented>
    <object>
        <name>Fedex-logo</name>
        <pose>Unspecified</pose>
        <truncated>0</truncated>
        <difficult>0</difficult>
        <bndbox>
            <xmin>35</xmin>
            <ymin>83</ymin>
            <xmax>157</xmax>
            <ymax>122</ymax>
        </bndbox>
    </object>    <object>
        <name>Fedex-van</name>
        <pose>Unspecified</pose>
        <truncated>0</truncated>
        <difficult>0</difficult>
        <bndbox>
            <xmin>24</xmin>
            <ymin>56</ymin>
            <xmax>168</xmax>
            <ymax>231</ymax>
        </bndbox>
    </object>
</annotation>
