<annotation>
    <folder>coco2VOC</folder>
    <filename>FedEx230_jpeg.rf.445af9c60c825d7d6056b8af87947a0d.jpg</filename>
    <path>C:\Downloads\tmp\coco2VOC\FedEx230_jpeg.rf.445af9c60c825d7d6056b8af87947a0d.jpg</path>
    <source>
        <database>Unknown</database>
    </source>
    <size>
        <width>299</width>
        <height>168</height>
        <depth>3</depth>
    </size>
    <segmented>0</segmented>
    <object>
        <name>Fedex-logo</name>
        <pose>Unspecified</pose>
        <truncated>0</truncated>
        <difficult>0</difficult>
        <bndbox>
            <xmin>26</xmin>
            <ymin>12</ymin>
            <xmax>163.08</xmax>
            <ymax>80.73</ymax>
        </bndbox>
    </object>    <object>
        <name>Fedex-van</name>
        <pose>Unspecified</pose>
        <truncated>0</truncated>
        <difficult>0</difficult>
        <bndbox>
            <xmin>15</xmin>
            <ymin>0</ymin>
            <xmax>298.86</xmax>
            <ymax>168</ymax>
        </bndbox>
    </object>
</annotation>
