<annotation>
    <folder>coco2VOC</folder>
    <filename>FedEx28_jpeg.rf.3c0dead47516c4e67cb608fd13650985.jpg</filename>
    <path>C:\Downloads\tmp\coco2VOC\FedEx28_jpeg.rf.3c0dead47516c4e67cb608fd13650985.jpg</path>
    <source>
        <database>Unknown</database>
    </source>
    <size>
        <width>310</width>
        <height>163</height>
        <depth>3</depth>
    </size>
    <segmented>0</segmented>
    <object>
        <name>Fedex-logo</name>
        <pose>Unspecified</pose>
        <truncated>0</truncated>
        <difficult>0</difficult>
        <bndbox>
            <xmin>174</xmin>
            <ymin>32</ymin>
            <xmax>199</xmax>
            <ymax>88</ymax>
        </bndbox>
    </object>    <object>
        <name>Fedex-logo</name>
        <pose>Unspecified</pose>
        <truncated>0</truncated>
        <difficult>0</difficult>
        <bndbox>
            <xmin>88</xmin>
            <ymin>47</ymin>
            <xmax>164</xmax>
            <ymax>76</ymax>
        </bndbox>
    </object>    <object>
        <name>Fedex-van</name>
        <pose>Unspecified</pose>
        <truncated>0</truncated>
        <difficult>0</difficult>
        <bndbox>
            <xmin>77</xmin>
            <ymin>22</ymin>
            <xmax>203</xmax>
            <ymax>137</ymax>
        </bndbox>
    </object>
</annotation>
