<annotation>
    <folder>coco2VOC</folder>
    <filename>FedEx100_jpeg.rf.0a48917fb548b3d74c7c8b08dd1fa78c.jpg</filename>
    <path>C:\Downloads\tmp\coco2VOC\FedEx100_jpeg.rf.0a48917fb548b3d74c7c8b08dd1fa78c.jpg</path>
    <source>
        <database>Unknown</database>
    </source>
    <size>
        <width>299</width>
        <height>168</height>
        <depth>3</depth>
    </size>
    <segmented>0</segmented>
    <object>
        <name>Fedex-logo</name>
        <pose>Unspecified</pose>
        <truncated>0</truncated>
        <difficult>0</difficult>
        <bndbox>
            <xmin>9</xmin>
            <ymin>37</ymin>
            <xmax>135</xmax>
            <ymax>86</ymax>
        </bndbox>
    </object>    <object>
        <name>Fedex-van</name>
        <pose>Unspecified</pose>
        <truncated>0</truncated>
        <difficult>0</difficult>
        <bndbox>
            <xmin>1</xmin>
            <ymin>22</ymin>
            <xmax>287</xmax>
            <ymax>156</ymax>
        </bndbox>
    </object>
</annotation>
