<annotation>
    <folder>coco2VOC</folder>
    <filename>FedEx47_jpeg.rf.f63ef3743c62f84dad58843e1022dd79.jpg</filename>
    <path>C:\Downloads\tmp\coco2VOC\FedEx47_jpeg.rf.f63ef3743c62f84dad58843e1022dd79.jpg</path>
    <source>
        <database>Unknown</database>
    </source>
    <size>
        <width>300</width>
        <height>168</height>
        <depth>3</depth>
    </size>
    <segmented>0</segmented>
    <object>
        <name>Fedex-logo</name>
        <pose>Unspecified</pose>
        <truncated>0</truncated>
        <difficult>0</difficult>
        <bndbox>
            <xmin>80</xmin>
            <ymin>46</ymin>
            <xmax>158.99</xmax>
            <ymax>88.4</ymax>
        </bndbox>
    </object>    <object>
        <name>Fedex-van</name>
        <pose>Unspecified</pose>
        <truncated>0</truncated>
        <difficult>0</difficult>
        <bndbox>
            <xmin>78</xmin>
            <ymin>37</ymin>
            <xmax>279.52</xmax>
            <ymax>132.34</ymax>
        </bndbox>
    </object>    <object>
        <name>Fedex-logo</name>
        <pose>Unspecified</pose>
        <truncated>0</truncated>
        <difficult>0</difficult>
        <bndbox>
            <xmin>237</xmin>
            <ymin>82</ymin>
            <xmax>272.22</xmax>
            <ymax>96.1</ymax>
        </bndbox>
    </object>
</annotation>
