<annotation>
    <folder>coco2VOC</folder>
    <filename>FedEx34_jpeg.rf.7e07d9a0ff6cdaaa6725544ca18d9878.jpg</filename>
    <path>C:\Downloads\tmp\coco2VOC\FedEx34_jpeg.rf.7e07d9a0ff6cdaaa6725544ca18d9878.jpg</path>
    <source>
        <database>Unknown</database>
    </source>
    <size>
        <width>300</width>
        <height>168</height>
        <depth>3</depth>
    </size>
    <segmented>0</segmented>
    <object>
        <name>Fedex-logo</name>
        <pose>Unspecified</pose>
        <truncated>0</truncated>
        <difficult>0</difficult>
        <bndbox>
            <xmin>71</xmin>
            <ymin>34</ymin>
            <xmax>146</xmax>
            <ymax>89</ymax>
        </bndbox>
    </object>    <object>
        <name>Fedex-van</name>
        <pose>Unspecified</pose>
        <truncated>0</truncated>
        <difficult>0</difficult>
        <bndbox>
            <xmin>30</xmin>
            <ymin>6</ymin>
            <xmax>254</xmax>
            <ymax>158</ymax>
        </bndbox>
    </object>
</annotation>
