<annotation>
    <folder>coco2VOC</folder>
    <filename>FedEx302_jpeg.rf.858ba0fe5d5e30f8a62aefe4d3d0120d.jpg</filename>
    <path>C:\Downloads\tmp\coco2VOC\FedEx302_jpeg.rf.858ba0fe5d5e30f8a62aefe4d3d0120d.jpg</path>
    <source>
        <database>Unknown</database>
    </source>
    <size>
        <width>275</width>
        <height>183</height>
        <depth>3</depth>
    </size>
    <segmented>0</segmented>
    <object>
        <name>Fedex-word</name>
        <pose>Unspecified</pose>
        <truncated>0</truncated>
        <difficult>0</difficult>
        <bndbox>
            <xmin>175</xmin>
            <ymin>29</ymin>
            <xmax>227</xmax>
            <ymax>85</ymax>
        </bndbox>
    </object>    <object>
        <name>Fedex-van</name>
        <pose>Unspecified</pose>
        <truncated>0</truncated>
        <difficult>0</difficult>
        <bndbox>
            <xmin>48</xmin>
            <ymin>20</ymin>
            <xmax>237</xmax>
            <ymax>148</ymax>
        </bndbox>
    </object>    <object>
        <name>Fedex-word</name>
        <pose>Unspecified</pose>
        <truncated>0</truncated>
        <difficult>0</difficult>
        <bndbox>
            <xmin>71</xmin>
            <ymin>85</ymin>
            <xmax>111</xmax>
            <ymax>98</ymax>
        </bndbox>
    </object>
</annotation>
