<annotation>
    <folder>coco2VOC</folder>
    <filename>FedEx180_jpeg.rf.90cf44a9c70d74d9b0ac6cefd7f539dc.jpg</filename>
    <path>C:\Downloads\tmp\coco2VOC\FedEx180_jpeg.rf.90cf44a9c70d74d9b0ac6cefd7f539dc.jpg</path>
    <source>
        <database>Unknown</database>
    </source>
    <size>
        <width>100</width>
        <height>100</height>
        <depth>3</depth>
    </size>
    <segmented>0</segmented>
    <object>
        <name>Fedex-logo</name>
        <pose>Unspecified</pose>
        <truncated>0</truncated>
        <difficult>0</difficult>
        <bndbox>
            <xmin>0</xmin>
            <ymin>27</ymin>
            <xmax>64</xmax>
            <ymax>54</ymax>
        </bndbox>
    </object>    <object>
        <name>Fedex-van</name>
        <pose>Unspecified</pose>
        <truncated>0</truncated>
        <difficult>0</difficult>
        <bndbox>
            <xmin>0</xmin>
            <ymin>13</ymin>
            <xmax>100</xmax>
            <ymax>88</ymax>
        </bndbox>
    </object>
</annotation>
