<annotation>
    <folder>coco2VOC</folder>
    <filename>FedEx286_jpeg.rf.57146ea8f05a0089eff5fa1e773ba5c7.jpg</filename>
    <path>C:\Downloads\tmp\coco2VOC\FedEx286_jpeg.rf.57146ea8f05a0089eff5fa1e773ba5c7.jpg</path>
    <source>
        <database>Unknown</database>
    </source>
    <size>
        <width>300</width>
        <height>168</height>
        <depth>3</depth>
    </size>
    <segmented>0</segmented>
    <object>
        <name>Fedex-logo</name>
        <pose>Unspecified</pose>
        <truncated>0</truncated>
        <difficult>0</difficult>
        <bndbox>
            <xmin>85</xmin>
            <ymin>28</ymin>
            <xmax>279.33000000000004</xmax>
            <ymax>89.85</ymax>
        </bndbox>
    </object>    <object>
        <name>Fedex-van</name>
        <pose>Unspecified</pose>
        <truncated>0</truncated>
        <difficult>0</difficult>
        <bndbox>
            <xmin>0</xmin>
            <ymin>22</ymin>
            <xmax>300</xmax>
            <ymax>152.41</ymax>
        </bndbox>
    </object>
</annotation>
