<annotation>
    <folder>coco2VOC</folder>
    <filename>FedEx77_jpeg.rf.90598eb0c409d58875ee597fe7e1b151.jpg</filename>
    <path>C:\Downloads\tmp\coco2VOC\FedEx77_jpeg.rf.90598eb0c409d58875ee597fe7e1b151.jpg</path>
    <source>
        <database>Unknown</database>
    </source>
    <size>
        <width>300</width>
        <height>168</height>
        <depth>3</depth>
    </size>
    <segmented>0</segmented>
    <object>
        <name>Fedex-logo</name>
        <pose>Unspecified</pose>
        <truncated>0</truncated>
        <difficult>0</difficult>
        <bndbox>
            <xmin>145</xmin>
            <ymin>21</ymin>
            <xmax>209</xmax>
            <ymax>58</ymax>
        </bndbox>
    </object>    <object>
        <name>Fedex-van</name>
        <pose>Unspecified</pose>
        <truncated>0</truncated>
        <difficult>0</difficult>
        <bndbox>
            <xmin>144</xmin>
            <ymin>0</ymin>
            <xmax>282</xmax>
            <ymax>94</ymax>
        </bndbox>
    </object>    <object>
        <name>Fedex-logo</name>
        <pose>Unspecified</pose>
        <truncated>0</truncated>
        <difficult>0</difficult>
        <bndbox>
            <xmin>248</xmin>
            <ymin>59</ymin>
            <xmax>270</xmax>
            <ymax>73</ymax>
        </bndbox>
    </object>
</annotation>
