<annotation>
    <folder>coco2VOC</folder>
    <filename>FedEx257_jpeg.rf.e7f6c8b846de5dbb3dde72392af96673.jpg</filename>
    <path>C:\Downloads\tmp\coco2VOC\FedEx257_jpeg.rf.e7f6c8b846de5dbb3dde72392af96673.jpg</path>
    <source>
        <database>Unknown</database>
    </source>
    <size>
        <width>300</width>
        <height>168</height>
        <depth>3</depth>
    </size>
    <segmented>0</segmented>
    <object>
        <name>Fedex-logo</name>
        <pose>Unspecified</pose>
        <truncated>0</truncated>
        <difficult>0</difficult>
        <bndbox>
            <xmin>24</xmin>
            <ymin>37</ymin>
            <xmax>60</xmax>
            <ymax>70</ymax>
        </bndbox>
    </object>    <object>
        <name>Fedex-logo</name>
        <pose>Unspecified</pose>
        <truncated>0</truncated>
        <difficult>0</difficult>
        <bndbox>
            <xmin>82</xmin>
            <ymin>14</ymin>
            <xmax>232</xmax>
            <ymax>94</ymax>
        </bndbox>
    </object>    <object>
        <name>Fedex-van</name>
        <pose>Unspecified</pose>
        <truncated>0</truncated>
        <difficult>0</difficult>
        <bndbox>
            <xmin>20</xmin>
            <ymin>0</ymin>
            <xmax>282</xmax>
            <ymax>148</ymax>
        </bndbox>
    </object>
</annotation>
