<annotation>
    <folder>coco2VOC</folder>
    <filename>FedEx103_jpeg.rf.e6cbd86f14de1d70d9c3b9e69bc5ad91.jpg</filename>
    <path>C:\Downloads\tmp\coco2VOC\FedEx103_jpeg.rf.e6cbd86f14de1d70d9c3b9e69bc5ad91.jpg</path>
    <source>
        <database>Unknown</database>
    </source>
    <size>
        <width>299</width>
        <height>168</height>
        <depth>3</depth>
    </size>
    <segmented>0</segmented>
    <object>
        <name>Fedex-logo</name>
        <pose>Unspecified</pose>
        <truncated>0</truncated>
        <difficult>0</difficult>
        <bndbox>
            <xmin>164</xmin>
            <ymin>17</ymin>
            <xmax>230</xmax>
            <ymax>64</ymax>
        </bndbox>
    </object>    <object>
        <name>Fedex-logo</name>
        <pose>Unspecified</pose>
        <truncated>0</truncated>
        <difficult>0</difficult>
        <bndbox>
            <xmin>50</xmin>
            <ymin>26</ymin>
            <xmax>100</xmax>
            <ymax>65</ymax>
        </bndbox>
    </object>    <object>
        <name>Fedex-truck</name>
        <pose>Unspecified</pose>
        <truncated>0</truncated>
        <difficult>0</difficult>
        <bndbox>
            <xmin>43</xmin>
            <ymin>0</ymin>
            <xmax>272</xmax>
            <ymax>168</ymax>
        </bndbox>
    </object>
</annotation>
