<annotation>
    <folder>coco2VOC</folder>
    <filename>FedEx111_jpeg.rf.96054b5f649623119fcab61082246205.jpg</filename>
    <path>C:\Downloads\tmp\coco2VOC\FedEx111_jpeg.rf.96054b5f649623119fcab61082246205.jpg</path>
    <source>
        <database>Unknown</database>
    </source>
    <size>
        <width>262</width>
        <height>192</height>
        <depth>3</depth>
    </size>
    <segmented>0</segmented>
    <object>
        <name>Fedex-logo</name>
        <pose>Unspecified</pose>
        <truncated>0</truncated>
        <difficult>0</difficult>
        <bndbox>
            <xmin>0</xmin>
            <ymin>51</ymin>
            <xmax>95</xmax>
            <ymax>68</ymax>
        </bndbox>
    </object>    <object>
        <name>Fedex-van</name>
        <pose>Unspecified</pose>
        <truncated>0</truncated>
        <difficult>0</difficult>
        <bndbox>
            <xmin>0</xmin>
            <ymin>0</ymin>
            <xmax>178</xmax>
            <ymax>174</ymax>
        </bndbox>
    </object>
</annotation>
