<annotation>
    <folder>coco2VOC</folder>
    <filename>FedEx146_jpeg.rf.360a41e786cdcbde3b0fe1b63e23db8f.jpg</filename>
    <path>C:\Downloads\tmp\coco2VOC\FedEx146_jpeg.rf.360a41e786cdcbde3b0fe1b63e23db8f.jpg</path>
    <source>
        <database>Unknown</database>
    </source>
    <size>
        <width>305</width>
        <height>165</height>
        <depth>3</depth>
    </size>
    <segmented>0</segmented>
    <object>
        <name>Fedex-logo</name>
        <pose>Unspecified</pose>
        <truncated>0</truncated>
        <difficult>0</difficult>
        <bndbox>
            <xmin>213</xmin>
            <ymin>78</ymin>
            <xmax>292</xmax>
            <ymax>135</ymax>
        </bndbox>
    </object>    <object>
        <name>Fedex-truck</name>
        <pose>Unspecified</pose>
        <truncated>0</truncated>
        <difficult>0</difficult>
        <bndbox>
            <xmin>0</xmin>
            <ymin>61</ymin>
            <xmax>236</xmax>
            <ymax>155</ymax>
        </bndbox>
    </object>    <object>
        <name>Fedex-truck</name>
        <pose>Unspecified</pose>
        <truncated>0</truncated>
        <difficult>0</difficult>
        <bndbox>
            <xmin>0</xmin>
            <ymin>62</ymin>
            <xmax>178</xmax>
            <ymax>155</ymax>
        </bndbox>
    </object>    <object>
        <name>Fedex-truck</name>
        <pose>Unspecified</pose>
        <truncated>0</truncated>
        <difficult>0</difficult>
        <bndbox>
            <xmin>45</xmin>
            <ymin>62</ymin>
            <xmax>305</xmax>
            <ymax>165</ymax>
        </bndbox>
    </object>    <object>
        <name>Fedex-logo</name>
        <pose>Unspecified</pose>
        <truncated>0</truncated>
        <difficult>0</difficult>
        <bndbox>
            <xmin>4</xmin>
            <ymin>64</ymin>
            <xmax>26</xmax>
            <ymax>76</ymax>
        </bndbox>
    </object>    <object>
        <name>Fedex-logo</name>
        <pose>Unspecified</pose>
        <truncated>0</truncated>
        <difficult>0</difficult>
        <bndbox>
            <xmin>43</xmin>
            <ymin>64</ymin>
            <xmax>66</xmax>
            <ymax>78</ymax>
        </bndbox>
    </object>    <object>
        <name>Fedex-logo</name>
        <pose>Unspecified</pose>
        <truncated>0</truncated>
        <difficult>0</difficult>
        <bndbox>
            <xmin>88</xmin>
            <ymin>67</ymin>
            <xmax>116</xmax>
            <ymax>81</ymax>
        </bndbox>
    </object>    <object>
        <name>Fedex-logo</name>
        <pose>Unspecified</pose>
        <truncated>0</truncated>
        <difficult>0</difficult>
        <bndbox>
            <xmin>160</xmin>
            <ymin>68</ymin>
            <xmax>194</xmax>
            <ymax>84</ymax>
        </bndbox>
    </object>
</annotation>
