<annotation>
    <folder>coco2VOC</folder>
    <filename>FedEx267_jpeg.rf.f485e0d9e3cb952088a2d2ec8e67e344.jpg</filename>
    <path>C:\Downloads\tmp\coco2VOC\FedEx267_jpeg.rf.f485e0d9e3cb952088a2d2ec8e67e344.jpg</path>
    <source>
        <database>Unknown</database>
    </source>
    <size>
        <width>300</width>
        <height>168</height>
        <depth>3</depth>
    </size>
    <segmented>0</segmented>
    <object>
        <name>Fedex-logo</name>
        <pose>Unspecified</pose>
        <truncated>0</truncated>
        <difficult>0</difficult>
        <bndbox>
            <xmin>56</xmin>
            <ymin>31</ymin>
            <xmax>159</xmax>
            <ymax>101</ymax>
        </bndbox>
    </object>    <object>
        <name>Fedex-van</name>
        <pose>Unspecified</pose>
        <truncated>0</truncated>
        <difficult>0</difficult>
        <bndbox>
            <xmin>22</xmin>
            <ymin>20</ymin>
            <xmax>252</xmax>
            <ymax>168</ymax>
        </bndbox>
    </object>
</annotation>
