<annotation>
    <folder>coco2VOC</folder>
    <filename>FedEx254_jpeg.rf.77355ae7d2aad73fded2c85c3e60e3a9.jpg</filename>
    <path>C:\Downloads\tmp\coco2VOC\FedEx254_jpeg.rf.77355ae7d2aad73fded2c85c3e60e3a9.jpg</path>
    <source>
        <database>Unknown</database>
    </source>
    <size>
        <width>301</width>
        <height>167</height>
        <depth>3</depth>
    </size>
    <segmented>0</segmented>
    <object>
        <name>Fedex-logo</name>
        <pose>Unspecified</pose>
        <truncated>0</truncated>
        <difficult>0</difficult>
        <bndbox>
            <xmin>80</xmin>
            <ymin>106</ymin>
            <xmax>96</xmax>
            <ymax>111</ymax>
        </bndbox>
    </object>    <object>
        <name>Fedex-logo</name>
        <pose>Unspecified</pose>
        <truncated>0</truncated>
        <difficult>0</difficult>
        <bndbox>
            <xmin>251</xmin>
            <ymin>108</ymin>
            <xmax>272</xmax>
            <ymax>116</ymax>
        </bndbox>
    </object>    <object>
        <name>Fedex-logo</name>
        <pose>Unspecified</pose>
        <truncated>0</truncated>
        <difficult>0</difficult>
        <bndbox>
            <xmin>126</xmin>
            <ymin>117</ymin>
            <xmax>145</xmax>
            <ymax>136</ymax>
        </bndbox>
    </object>    <object>
        <name>Fedex-truck</name>
        <pose>Unspecified</pose>
        <truncated>0</truncated>
        <difficult>0</difficult>
        <bndbox>
            <xmin>184</xmin>
            <ymin>103</ymin>
            <xmax>275</xmax>
            <ymax>153</ymax>
        </bndbox>
    </object>    <object>
        <name>Fedex-truck</name>
        <pose>Unspecified</pose>
        <truncated>0</truncated>
        <difficult>0</difficult>
        <bndbox>
            <xmin>124</xmin>
            <ymin>101</ymin>
            <xmax>254</xmax>
            <ymax>159</ymax>
        </bndbox>
    </object>    <object>
        <name>Fedex-truck</name>
        <pose>Unspecified</pose>
        <truncated>0</truncated>
        <difficult>0</difficult>
        <bndbox>
            <xmin>4</xmin>
            <ymin>101</ymin>
            <xmax>44</xmax>
            <ymax>159</ymax>
        </bndbox>
    </object>    <object>
        <name>Fedex-truck</name>
        <pose>Unspecified</pose>
        <truncated>0</truncated>
        <difficult>0</difficult>
        <bndbox>
            <xmin>43</xmin>
            <ymin>102</ymin>
            <xmax>112</xmax>
            <ymax>158</ymax>
        </bndbox>
    </object>    <object>
        <name>Fedex-logo</name>
        <pose>Unspecified</pose>
        <truncated>0</truncated>
        <difficult>0</difficult>
        <bndbox>
            <xmin>84</xmin>
            <ymin>50</ymin>
            <xmax>122</xmax>
            <ymax>65</ymax>
        </bndbox>
    </object>
</annotation>
