<annotation>
    <folder>coco2VOC</folder>
    <filename>FedEx148_jpeg.rf.fab63975b8445434e4cae444238315d5.jpg</filename>
    <path>C:\Downloads\tmp\coco2VOC\FedEx148_jpeg.rf.fab63975b8445434e4cae444238315d5.jpg</path>
    <source>
        <database>Unknown</database>
    </source>
    <size>
        <width>275</width>
        <height>183</height>
        <depth>3</depth>
    </size>
    <segmented>0</segmented>
    <object>
        <name>Fedex-logo</name>
        <pose>Unspecified</pose>
        <truncated>0</truncated>
        <difficult>0</difficult>
        <bndbox>
            <xmin>162</xmin>
            <ymin>49</ymin>
            <xmax>229</xmax>
            <ymax>74</ymax>
        </bndbox>
    </object>    <object>
        <name>Fedex-logo</name>
        <pose>Unspecified</pose>
        <truncated>0</truncated>
        <difficult>0</difficult>
        <bndbox>
            <xmin>106</xmin>
            <ymin>60</ymin>
            <xmax>132</xmax>
            <ymax>103</ymax>
        </bndbox>
    </object>    <object>
        <name>Fedex-truck</name>
        <pose>Unspecified</pose>
        <truncated>0</truncated>
        <difficult>0</difficult>
        <bndbox>
            <xmin>75</xmin>
            <ymin>22</ymin>
            <xmax>241</xmax>
            <ymax>169</ymax>
        </bndbox>
    </object>    <object>
        <name>Fedex-logo</name>
        <pose>Unspecified</pose>
        <truncated>0</truncated>
        <difficult>0</difficult>
        <bndbox>
            <xmin>82</xmin>
            <ymin>84</ymin>
            <xmax>95</xmax>
            <ymax>111</ymax>
        </bndbox>
    </object>
</annotation>
