<annotation>
    <folder>coco2VOC</folder>
    <filename>FedEx166_jpeg.rf.fdb917db1218346466ae6c9c0f6980ae.jpg</filename>
    <path>C:\Downloads\tmp\coco2VOC\FedEx166_jpeg.rf.fdb917db1218346466ae6c9c0f6980ae.jpg</path>
    <source>
        <database>Unknown</database>
    </source>
    <size>
        <width>275</width>
        <height>183</height>
        <depth>3</depth>
    </size>
    <segmented>0</segmented>
    <object>
        <name>Fedex-word</name>
        <pose>Unspecified</pose>
        <truncated>0</truncated>
        <difficult>0</difficult>
        <bndbox>
            <xmin>59</xmin>
            <ymin>67</ymin>
            <xmax>91</xmax>
            <ymax>91</ymax>
        </bndbox>
    </object>    <object>
        <name>Fedex-word</name>
        <pose>Unspecified</pose>
        <truncated>0</truncated>
        <difficult>0</difficult>
        <bndbox>
            <xmin>11</xmin>
            <ymin>73</ymin>
            <xmax>54</xmax>
            <ymax>95</ymax>
        </bndbox>
    </object>    <object>
        <name>Fedex-van</name>
        <pose>Unspecified</pose>
        <truncated>0</truncated>
        <difficult>0</difficult>
        <bndbox>
            <xmin>73</xmin>
            <ymin>1</ymin>
            <xmax>270</xmax>
            <ymax>183</ymax>
        </bndbox>
    </object>    <object>
        <name>Fedex-van</name>
        <pose>Unspecified</pose>
        <truncated>0</truncated>
        <difficult>0</difficult>
        <bndbox>
            <xmin>7</xmin>
            <ymin>63</ymin>
            <xmax>95</xmax>
            <ymax>131</ymax>
        </bndbox>
    </object>
</annotation>
