<annotation>
    <folder>coco2VOC</folder>
    <filename>FedEx124_jpeg.rf.4701cd7cde2f58eff80c72626e53a9b4.jpg</filename>
    <path>C:\Downloads\tmp\coco2VOC\FedEx124_jpeg.rf.4701cd7cde2f58eff80c72626e53a9b4.jpg</path>
    <source>
        <database>Unknown</database>
    </source>
    <size>
        <width>300</width>
        <height>168</height>
        <depth>3</depth>
    </size>
    <segmented>0</segmented>
    <object>
        <name>Fedex-logo</name>
        <pose>Unspecified</pose>
        <truncated>0</truncated>
        <difficult>0</difficult>
        <bndbox>
            <xmin>247</xmin>
            <ymin>51</ymin>
            <xmax>271</xmax>
            <ymax>95</ymax>
        </bndbox>
    </object>    <object>
        <name>Fedex-truck</name>
        <pose>Unspecified</pose>
        <truncated>0</truncated>
        <difficult>0</difficult>
        <bndbox>
            <xmin>49</xmin>
            <ymin>27</ymin>
            <xmax>290</xmax>
            <ymax>167</ymax>
        </bndbox>
    </object>
</annotation>
