<annotation>
    <folder>coco2VOC</folder>
    <filename>FedEx303_jpeg.rf.6a4ef2ac3487fae23d46929a76aa97b1.jpg</filename>
    <path>C:\Downloads\tmp\coco2VOC\FedEx303_jpeg.rf.6a4ef2ac3487fae23d46929a76aa97b1.jpg</path>
    <source>
        <database>Unknown</database>
    </source>
    <size>
        <width>281</width>
        <height>179</height>
        <depth>3</depth>
    </size>
    <segmented>0</segmented>
    <object>
        <name>Fedex-logo</name>
        <pose>Unspecified</pose>
        <truncated>0</truncated>
        <difficult>0</difficult>
        <bndbox>
            <xmin>108</xmin>
            <ymin>24</ymin>
            <xmax>191</xmax>
            <ymax>59</ymax>
        </bndbox>
    </object>    <object>
        <name>Fedex-truck</name>
        <pose>Unspecified</pose>
        <truncated>0</truncated>
        <difficult>0</difficult>
        <bndbox>
            <xmin>3</xmin>
            <ymin>9</ymin>
            <xmax>207</xmax>
            <ymax>167</ymax>
        </bndbox>
    </object>    <object>
        <name>Fedex-logo</name>
        <pose>Unspecified</pose>
        <truncated>0</truncated>
        <difficult>0</difficult>
        <bndbox>
            <xmin>12</xmin>
            <ymin>61</ymin>
            <xmax>59</xmax>
            <ymax>123</ymax>
        </bndbox>
    </object>
</annotation>
