<annotation>
    <folder>coco2VOC</folder>
    <filename>FedEx92_jpeg.rf.c47c0b98db1e4613c2fb24365cde9940.jpg</filename>
    <path>C:\Downloads\tmp\coco2VOC\FedEx92_jpeg.rf.c47c0b98db1e4613c2fb24365cde9940.jpg</path>
    <source>
        <database>Unknown</database>
    </source>
    <size>
        <width>275</width>
        <height>183</height>
        <depth>3</depth>
    </size>
    <segmented>0</segmented>
    <object>
        <name>Fedex-truck</name>
        <pose>Unspecified</pose>
        <truncated>0</truncated>
        <difficult>0</difficult>
        <bndbox>
            <xmin>12</xmin>
            <ymin>76</ymin>
            <xmax>271</xmax>
            <ymax>158</ymax>
        </bndbox>
    </object>    <object>
        <name>Fedex-logo</name>
        <pose>Unspecified</pose>
        <truncated>0</truncated>
        <difficult>0</difficult>
        <bndbox>
            <xmin>134</xmin>
            <ymin>83</ymin>
            <xmax>233</xmax>
            <ymax>114</ymax>
        </bndbox>
    </object>
</annotation>
