<annotation>
    <folder>coco2VOC</folder>
    <filename>FedEx241_jpeg.rf.2987a308cf6d2a33317230a5cb06db5c.jpg</filename>
    <path>C:\Downloads\tmp\coco2VOC\FedEx241_jpeg.rf.2987a308cf6d2a33317230a5cb06db5c.jpg</path>
    <source>
        <database>Unknown</database>
    </source>
    <size>
        <width>275</width>
        <height>183</height>
        <depth>3</depth>
    </size>
    <segmented>0</segmented>
    <object>
        <name>Fedex-van</name>
        <pose>Unspecified</pose>
        <truncated>0</truncated>
        <difficult>0</difficult>
        <bndbox>
            <xmin>106</xmin>
            <ymin>69</ymin>
            <xmax>268</xmax>
            <ymax>146</ymax>
        </bndbox>
    </object>    <object>
        <name>Fedex-logo</name>
        <pose>Unspecified</pose>
        <truncated>0</truncated>
        <difficult>0</difficult>
        <bndbox>
            <xmin>185</xmin>
            <ymin>77</ymin>
            <xmax>261</xmax>
            <ymax>109</ymax>
        </bndbox>
    </object>
</annotation>
