<annotation>
    <folder>coco2VOC</folder>
    <filename>FedEx160_jpeg.rf.d367614b5ea1e2187dda940bdf21b7d6.jpg</filename>
    <path>C:\Downloads\tmp\coco2VOC\FedEx160_jpeg.rf.d367614b5ea1e2187dda940bdf21b7d6.jpg</path>
    <source>
        <database>Unknown</database>
    </source>
    <size>
        <width>100</width>
        <height>100</height>
        <depth>3</depth>
    </size>
    <segmented>0</segmented>
    <object>
        <name>Fedex-logo</name>
        <pose>Unspecified</pose>
        <truncated>0</truncated>
        <difficult>0</difficult>
        <bndbox>
            <xmin>69</xmin>
            <ymin>32</ymin>
            <xmax>100</xmax>
            <ymax>56</ymax>
        </bndbox>
    </object>    <object>
        <name>Fedex-van</name>
        <pose>Unspecified</pose>
        <truncated>0</truncated>
        <difficult>0</difficult>
        <bndbox>
            <xmin>11</xmin>
            <ymin>31</ymin>
            <xmax>100</xmax>
            <ymax>84</ymax>
        </bndbox>
    </object>
</annotation>
