<annotation>
    <folder>coco2VOC</folder>
    <filename>FedEx178_jpeg.rf.5d0a4cfb7c03e542893b40cdfc97f8c9.jpg</filename>
    <path>C:\Downloads\tmp\coco2VOC\FedEx178_jpeg.rf.5d0a4cfb7c03e542893b40cdfc97f8c9.jpg</path>
    <source>
        <database>Unknown</database>
    </source>
    <size>
        <width>300</width>
        <height>168</height>
        <depth>3</depth>
    </size>
    <segmented>0</segmented>
    <object>
        <name>Fedex-logo</name>
        <pose>Unspecified</pose>
        <truncated>0</truncated>
        <difficult>0</difficult>
        <bndbox>
            <xmin>37</xmin>
            <ymin>29</ymin>
            <xmax>63</xmax>
            <ymax>61</ymax>
        </bndbox>
    </object>    <object>
        <name>Fedex-van</name>
        <pose>Unspecified</pose>
        <truncated>0</truncated>
        <difficult>0</difficult>
        <bndbox>
            <xmin>29</xmin>
            <ymin>1</ymin>
            <xmax>272</xmax>
            <ymax>167</ymax>
        </bndbox>
    </object>
</annotation>
