<annotation>
    <folder>coco2VOC</folder>
    <filename>FedEx57_jpeg.rf.7eefa34e0a45abbc8655555e2236d637.jpg</filename>
    <path>C:\Downloads\tmp\coco2VOC\FedEx57_jpeg.rf.7eefa34e0a45abbc8655555e2236d637.jpg</path>
    <source>
        <database>Unknown</database>
    </source>
    <size>
        <width>275</width>
        <height>183</height>
        <depth>3</depth>
    </size>
    <segmented>0</segmented>
    <object>
        <name>Fedex-van</name>
        <pose>Unspecified</pose>
        <truncated>0</truncated>
        <difficult>0</difficult>
        <bndbox>
            <xmin>21</xmin>
            <ymin>61</ymin>
            <xmax>242</xmax>
            <ymax>155</ymax>
        </bndbox>
    </object>    <object>
        <name>Fedex-logo</name>
        <pose>Unspecified</pose>
        <truncated>0</truncated>
        <difficult>0</difficult>
        <bndbox>
            <xmin>109</xmin>
            <ymin>66</ymin>
            <xmax>235</xmax>
            <ymax>105</ymax>
        </bndbox>
    </object>
</annotation>
