<annotation>
    <folder>coco2VOC</folder>
    <filename>FedEx29_jpeg.rf.dceb60433416ca2645107880fa6916c7.jpg</filename>
    <path>C:\Downloads\tmp\coco2VOC\FedEx29_jpeg.rf.dceb60433416ca2645107880fa6916c7.jpg</path>
    <source>
        <database>Unknown</database>
    </source>
    <size>
        <width>275</width>
        <height>183</height>
        <depth>3</depth>
    </size>
    <segmented>0</segmented>
    <object>
        <name>Fedex-truck</name>
        <pose>Unspecified</pose>
        <truncated>0</truncated>
        <difficult>0</difficult>
        <bndbox>
            <xmin>135</xmin>
            <ymin>71</ymin>
            <xmax>211</xmax>
            <ymax>153</ymax>
        </bndbox>
    </object>    <object>
        <name>Fedex-logo</name>
        <pose>Unspecified</pose>
        <truncated>0</truncated>
        <difficult>0</difficult>
        <bndbox>
            <xmin>165</xmin>
            <ymin>84</ymin>
            <xmax>204</xmax>
            <ymax>98</ymax>
        </bndbox>
    </object>
</annotation>
