<annotation>
    <folder>coco2VOC</folder>
    <filename>FedEx59_jpeg.rf.aaa1439f4f7628fad3cdcd85d4b60403.jpg</filename>
    <path>C:\Downloads\tmp\coco2VOC\FedEx59_jpeg.rf.aaa1439f4f7628fad3cdcd85d4b60403.jpg</path>
    <source>
        <database>Unknown</database>
    </source>
    <size>
        <width>318</width>
        <height>159</height>
        <depth>3</depth>
    </size>
    <segmented>0</segmented>
    <object>
        <name>Fedex-truck</name>
        <pose>Unspecified</pose>
        <truncated>0</truncated>
        <difficult>0</difficult>
        <bndbox>
            <xmin>54</xmin>
            <ymin>21</ymin>
            <xmax>274</xmax>
            <ymax>128</ymax>
        </bndbox>
    </object>    <object>
        <name>Fedex-logo</name>
        <pose>Unspecified</pose>
        <truncated>0</truncated>
        <difficult>0</difficult>
        <bndbox>
            <xmin>241</xmin>
            <ymin>82</ymin>
            <xmax>263</xmax>
            <ymax>95</ymax>
        </bndbox>
    </object>    <object>
        <name>Fedex-logo</name>
        <pose>Unspecified</pose>
        <truncated>0</truncated>
        <difficult>0</difficult>
        <bndbox>
            <xmin>171</xmin>
            <ymin>84</ymin>
            <xmax>204</xmax>
            <ymax>97</ymax>
        </bndbox>
    </object>
</annotation>
