<annotation>
    <folder>coco2VOC</folder>
    <filename>FedEx141_jpeg.rf.a80a99f8972bf9b3722e9ed3035ef489.jpg</filename>
    <path>C:\Downloads\tmp\coco2VOC\FedEx141_jpeg.rf.a80a99f8972bf9b3722e9ed3035ef489.jpg</path>
    <source>
        <database>Unknown</database>
    </source>
    <size>
        <width>305</width>
        <height>165</height>
        <depth>3</depth>
    </size>
    <segmented>0</segmented>
    <object>
        <name>Fedex-logo</name>
        <pose>Unspecified</pose>
        <truncated>0</truncated>
        <difficult>0</difficult>
        <bndbox>
            <xmin>33</xmin>
            <ymin>18</ymin>
            <xmax>134</xmax>
            <ymax>54</ymax>
        </bndbox>
    </object>    <object>
        <name>UPS-logo</name>
        <pose>Unspecified</pose>
        <truncated>0</truncated>
        <difficult>0</difficult>
        <bndbox>
            <xmin>197</xmin>
            <ymin>26</ymin>
            <xmax>217</xmax>
            <ymax>49</ymax>
        </bndbox>
    </object>    <object>
        <name>UPS-van</name>
        <pose>Unspecified</pose>
        <truncated>0</truncated>
        <difficult>0</difficult>
        <bndbox>
            <xmin>147</xmin>
            <ymin>0</ymin>
            <xmax>285</xmax>
            <ymax>122</ymax>
        </bndbox>
    </object>    <object>
        <name>Fedex-van</name>
        <pose>Unspecified</pose>
        <truncated>0</truncated>
        <difficult>0</difficult>
        <bndbox>
            <xmin>20</xmin>
            <ymin>1</ymin>
            <xmax>150</xmax>
            <ymax>128</ymax>
        </bndbox>
    </object>
</annotation>
