<annotation>
    <folder>coco2VOC</folder>
    <filename>FedEx21_jpeg.rf.aa0d463dce58ca87365dbe3894d8471c.jpg</filename>
    <path>C:\Downloads\tmp\coco2VOC\FedEx21_jpeg.rf.aa0d463dce58ca87365dbe3894d8471c.jpg</path>
    <source>
        <database>Unknown</database>
    </source>
    <size>
        <width>299</width>
        <height>168</height>
        <depth>3</depth>
    </size>
    <segmented>0</segmented>
    <object>
        <name>Fedex-word</name>
        <pose>Unspecified</pose>
        <truncated>0</truncated>
        <difficult>0</difficult>
        <bndbox>
            <xmin>33</xmin>
            <ymin>12</ymin>
            <xmax>195</xmax>
            <ymax>77</ymax>
        </bndbox>
    </object>    <object>
        <name>Fedex-van</name>
        <pose>Unspecified</pose>
        <truncated>0</truncated>
        <difficult>0</difficult>
        <bndbox>
            <xmin>6</xmin>
            <ymin>1</ymin>
            <xmax>261</xmax>
            <ymax>160</ymax>
        </bndbox>
    </object>
</annotation>
