<annotation>
    <folder>coco2VOC</folder>
    <filename>FedEx306_jpeg.rf.f97ec6eb96244a80fb2c69aec25fe812.jpg</filename>
    <path>C:\Downloads\tmp\coco2VOC\FedEx306_jpeg.rf.f97ec6eb96244a80fb2c69aec25fe812.jpg</path>
    <source>
        <database>Unknown</database>
    </source>
    <size>
        <width>100</width>
        <height>100</height>
        <depth>3</depth>
    </size>
    <segmented>0</segmented>
    <object>
        <name>Fedex-logo</name>
        <pose>Unspecified</pose>
        <truncated>0</truncated>
        <difficult>0</difficult>
        <bndbox>
            <xmin>0</xmin>
            <ymin>13</ymin>
            <xmax>54.8</xmax>
            <ymax>37.32</ymax>
        </bndbox>
    </object>    <object>
        <name>Fedex-van</name>
        <pose>Unspecified</pose>
        <truncated>0</truncated>
        <difficult>0</difficult>
        <bndbox>
            <xmin>0</xmin>
            <ymin>5</ymin>
            <xmax>100</xmax>
            <ymax>79.59</ymax>
        </bndbox>
    </object>
</annotation>
