<annotation>
    <folder>coco2VOC</folder>
    <filename>FedEx168_jpeg.rf.d9e41ac17d689eea5437f50f2494fc93.jpg</filename>
    <path>C:\Downloads\tmp\coco2VOC\FedEx168_jpeg.rf.d9e41ac17d689eea5437f50f2494fc93.jpg</path>
    <source>
        <database>Unknown</database>
    </source>
    <size>
        <width>262</width>
        <height>192</height>
        <depth>3</depth>
    </size>
    <segmented>0</segmented>
    <object>
        <name>Fedex-logo</name>
        <pose>Unspecified</pose>
        <truncated>0</truncated>
        <difficult>0</difficult>
        <bndbox>
            <xmin>71</xmin>
            <ymin>57</ymin>
            <xmax>105</xmax>
            <ymax>74</ymax>
        </bndbox>
    </object>    <object>
        <name>Fedex-logo</name>
        <pose>Unspecified</pose>
        <truncated>0</truncated>
        <difficult>0</difficult>
        <bndbox>
            <xmin>166</xmin>
            <ymin>58</ymin>
            <xmax>189</xmax>
            <ymax>80</ymax>
        </bndbox>
    </object>    <object>
        <name>Fedex-van</name>
        <pose>Unspecified</pose>
        <truncated>0</truncated>
        <difficult>0</difficult>
        <bndbox>
            <xmin>46</xmin>
            <ymin>36</ymin>
            <xmax>208</xmax>
            <ymax>162</ymax>
        </bndbox>
    </object>
</annotation>
