<annotation>
    <folder>coco2VOC</folder>
    <filename>FedEx197_jpeg.rf.fa88e813256f4116ff9dbfd2062c152a.jpg</filename>
    <path>C:\Downloads\tmp\coco2VOC\FedEx197_jpeg.rf.fa88e813256f4116ff9dbfd2062c152a.jpg</path>
    <source>
        <database>Unknown</database>
    </source>
    <size>
        <width>300</width>
        <height>168</height>
        <depth>3</depth>
    </size>
    <segmented>0</segmented>
    <object>
        <name>Fedex-logo</name>
        <pose>Unspecified</pose>
        <truncated>0</truncated>
        <difficult>0</difficult>
        <bndbox>
            <xmin>237</xmin>
            <ymin>15</ymin>
            <xmax>278</xmax>
            <ymax>83</ymax>
        </bndbox>
    </object>    <object>
        <name>Fedex-logo</name>
        <pose>Unspecified</pose>
        <truncated>0</truncated>
        <difficult>0</difficult>
        <bndbox>
            <xmin>110</xmin>
            <ymin>74</ymin>
            <xmax>177</xmax>
            <ymax>84</ymax>
        </bndbox>
    </object>    <object>
        <name>Fedex-van</name>
        <pose>Unspecified</pose>
        <truncated>0</truncated>
        <difficult>0</difficult>
        <bndbox>
            <xmin>80</xmin>
            <ymin>2</ymin>
            <xmax>288</xmax>
            <ymax>165</ymax>
        </bndbox>
    </object>
</annotation>
