<annotation>
    <folder>coco2VOC</folder>
    <filename>FedEx202_jpeg.rf.cb0f00fc66b373fe3b8afc9a1e6ba5b3.jpg</filename>
    <path>C:\Downloads\tmp\coco2VOC\FedEx202_jpeg.rf.cb0f00fc66b373fe3b8afc9a1e6ba5b3.jpg</path>
    <source>
        <database>Unknown</database>
    </source>
    <size>
        <width>299</width>
        <height>168</height>
        <depth>3</depth>
    </size>
    <segmented>0</segmented>
    <object>
        <name>Fedex-logo</name>
        <pose>Unspecified</pose>
        <truncated>0</truncated>
        <difficult>0</difficult>
        <bndbox>
            <xmin>184</xmin>
            <ymin>49</ymin>
            <xmax>276</xmax>
            <ymax>81</ymax>
        </bndbox>
    </object>    <object>
        <name>Fedex-truck</name>
        <pose>Unspecified</pose>
        <truncated>0</truncated>
        <difficult>0</difficult>
        <bndbox>
            <xmin>69</xmin>
            <ymin>41</ymin>
            <xmax>277</xmax>
            <ymax>122</ymax>
        </bndbox>
    </object>
</annotation>
