<annotation>
    <folder>coco2VOC</folder>
    <filename>FedEx299_jpeg.rf.f53debb0091990045e461d977f0109dd.jpg</filename>
    <path>C:\Downloads\tmp\coco2VOC\FedEx299_jpeg.rf.f53debb0091990045e461d977f0109dd.jpg</path>
    <source>
        <database>Unknown</database>
    </source>
    <size>
        <width>275</width>
        <height>183</height>
        <depth>3</depth>
    </size>
    <segmented>0</segmented>
    <object>
        <name>Fedex-logo</name>
        <pose>Unspecified</pose>
        <truncated>0</truncated>
        <difficult>0</difficult>
        <bndbox>
            <xmin>200</xmin>
            <ymin>64</ymin>
            <xmax>227</xmax>
            <ymax>89</ymax>
        </bndbox>
    </object>    <object>
        <name>Fedex-logo</name>
        <pose>Unspecified</pose>
        <truncated>0</truncated>
        <difficult>0</difficult>
        <bndbox>
            <xmin>89</xmin>
            <ymin>63</ymin>
            <xmax>183</xmax>
            <ymax>101</ymax>
        </bndbox>
    </object>    <object>
        <name>Fedex-van</name>
        <pose>Unspecified</pose>
        <truncated>0</truncated>
        <difficult>0</difficult>
        <bndbox>
            <xmin>29</xmin>
            <ymin>48</ymin>
            <xmax>235</xmax>
            <ymax>144</ymax>
        </bndbox>
    </object>
</annotation>
