<annotation>
    <folder>coco2VOC</folder>
    <filename>FedEx226_jpeg.rf.be849f3aee98cbd03f3754aea9f3160b.jpg</filename>
    <path>C:\Downloads\tmp\coco2VOC\FedEx226_jpeg.rf.be849f3aee98cbd03f3754aea9f3160b.jpg</path>
    <source>
        <database>Unknown</database>
    </source>
    <size>
        <width>259</width>
        <height>194</height>
        <depth>3</depth>
    </size>
    <segmented>0</segmented>
    <object>
        <name>Fedex-van</name>
        <pose>Unspecified</pose>
        <truncated>0</truncated>
        <difficult>0</difficult>
        <bndbox>
            <xmin>106</xmin>
            <ymin>65</ymin>
            <xmax>259</xmax>
            <ymax>160</ymax>
        </bndbox>
    </object>    <object>
        <name>Fedex-logo</name>
        <pose>Unspecified</pose>
        <truncated>0</truncated>
        <difficult>0</difficult>
        <bndbox>
            <xmin>118</xmin>
            <ymin>74</ymin>
            <xmax>191</xmax>
            <ymax>101</ymax>
        </bndbox>
    </object>
</annotation>
