<annotation>
    <folder>coco2VOC</folder>
    <filename>FedEx4_jpeg.rf.e970337b5fa79b23101835d1a7c1cd68.jpg</filename>
    <path>C:\Downloads\tmp\coco2VOC\FedEx4_jpeg.rf.e970337b5fa79b23101835d1a7c1cd68.jpg</path>
    <source>
        <database>Unknown</database>
    </source>
    <size>
        <width>324</width>
        <height>156</height>
        <depth>3</depth>
    </size>
    <segmented>0</segmented>
    <object>
        <name>Fedex-logo</name>
        <pose>Unspecified</pose>
        <truncated>0</truncated>
        <difficult>0</difficult>
        <bndbox>
            <xmin>13</xmin>
            <ymin>17</ymin>
            <xmax>167</xmax>
            <ymax>67</ymax>
        </bndbox>
    </object>    <object>
        <name>Fedex-van</name>
        <pose>Unspecified</pose>
        <truncated>0</truncated>
        <difficult>0</difficult>
        <bndbox>
            <xmin>0</xmin>
            <ymin>0</ymin>
            <xmax>324</xmax>
            <ymax>156</ymax>
        </bndbox>
    </object>
</annotation>
