<annotation>
    <folder>coco2VOC</folder>
    <filename>FedEx90_jpeg.rf.d037091d414cebb5a0e21fce790009a2.jpg</filename>
    <path>C:\Downloads\tmp\coco2VOC\FedEx90_jpeg.rf.d037091d414cebb5a0e21fce790009a2.jpg</path>
    <source>
        <database>Unknown</database>
    </source>
    <size>
        <width>275</width>
        <height>183</height>
        <depth>3</depth>
    </size>
    <segmented>0</segmented>
    <object>
        <name>Fedex-logo</name>
        <pose>Unspecified</pose>
        <truncated>0</truncated>
        <difficult>0</difficult>
        <bndbox>
            <xmin>18</xmin>
            <ymin>40</ymin>
            <xmax>181</xmax>
            <ymax>122</ymax>
        </bndbox>
    </object>    <object>
        <name>Fedex-van</name>
        <pose>Unspecified</pose>
        <truncated>0</truncated>
        <difficult>0</difficult>
        <bndbox>
            <xmin>0</xmin>
            <ymin>4</ymin>
            <xmax>238</xmax>
            <ymax>179</ymax>
        </bndbox>
    </object>
</annotation>
