<annotation>
    <folder>coco2VOC</folder>
    <filename>FedEx75_jpeg.rf.f80ffc287adfee380287b15a4d1cd200.jpg</filename>
    <path>C:\Downloads\tmp\coco2VOC\FedEx75_jpeg.rf.f80ffc287adfee380287b15a4d1cd200.jpg</path>
    <source>
        <database>Unknown</database>
    </source>
    <size>
        <width>275</width>
        <height>183</height>
        <depth>3</depth>
    </size>
    <segmented>0</segmented>
    <object>
        <name>Fedex-van</name>
        <pose>Unspecified</pose>
        <truncated>0</truncated>
        <difficult>0</difficult>
        <bndbox>
            <xmin>26</xmin>
            <ymin>49</ymin>
            <xmax>229</xmax>
            <ymax>159</ymax>
        </bndbox>
    </object>    <object>
        <name>Fedex-logo</name>
        <pose>Unspecified</pose>
        <truncated>0</truncated>
        <difficult>0</difficult>
        <bndbox>
            <xmin>40</xmin>
            <ymin>65</ymin>
            <xmax>83</xmax>
            <ymax>88</ymax>
        </bndbox>
    </object>    <object>
        <name>Fedex-logo</name>
        <pose>Unspecified</pose>
        <truncated>0</truncated>
        <difficult>0</difficult>
        <bndbox>
            <xmin>92</xmin>
            <ymin>58</ymin>
            <xmax>193</xmax>
            <ymax>119</ymax>
        </bndbox>
    </object>
</annotation>
