<annotation>
    <folder>coco2VOC</folder>
    <filename>FedEx236_jpeg.rf.dd3afd5a61ae7ac7a0e6729a4e501d0b.jpg</filename>
    <path>C:\Downloads\tmp\coco2VOC\FedEx236_jpeg.rf.dd3afd5a61ae7ac7a0e6729a4e501d0b.jpg</path>
    <source>
        <database>Unknown</database>
    </source>
    <size>
        <width>213</width>
        <height>237</height>
        <depth>3</depth>
    </size>
    <segmented>0</segmented>
    <object>
        <name>Fedex-van</name>
        <pose>Unspecified</pose>
        <truncated>0</truncated>
        <difficult>0</difficult>
        <bndbox>
            <xmin>41</xmin>
            <ymin>69</ymin>
            <xmax>181</xmax>
            <ymax>192</ymax>
        </bndbox>
    </object>    <object>
        <name>Fedex-logo</name>
        <pose>Unspecified</pose>
        <truncated>0</truncated>
        <difficult>0</difficult>
        <bndbox>
            <xmin>129</xmin>
            <ymin>103</ymin>
            <xmax>164</xmax>
            <ymax>172</ymax>
        </bndbox>
    </object>
</annotation>
