<annotation>
    <folder>coco2VOC</folder>
    <filename>FedEx305_jpeg.rf.ed2d60beda2435d3e520b6d8229fd01e.jpg</filename>
    <path>C:\Downloads\tmp\coco2VOC\FedEx305_jpeg.rf.ed2d60beda2435d3e520b6d8229fd01e.jpg</path>
    <source>
        <database>Unknown</database>
    </source>
    <size>
        <width>275</width>
        <height>183</height>
        <depth>3</depth>
    </size>
    <segmented>0</segmented>
    <object>
        <name>Fedex-logo</name>
        <pose>Unspecified</pose>
        <truncated>0</truncated>
        <difficult>0</difficult>
        <bndbox>
            <xmin>66</xmin>
            <ymin>106</ymin>
            <xmax>83</xmax>
            <ymax>114</ymax>
        </bndbox>
    </object>    <object>
        <name>Fedex-logo</name>
        <pose>Unspecified</pose>
        <truncated>0</truncated>
        <difficult>0</difficult>
        <bndbox>
            <xmin>160</xmin>
            <ymin>45</ymin>
            <xmax>205</xmax>
            <ymax>78</ymax>
        </bndbox>
    </object>    <object>
        <name>Fedex-van</name>
        <pose>Unspecified</pose>
        <truncated>0</truncated>
        <difficult>0</difficult>
        <bndbox>
            <xmin>53</xmin>
            <ymin>30</ymin>
            <xmax>221</xmax>
            <ymax>148</ymax>
        </bndbox>
    </object>
</annotation>
