<annotation>
    <folder>coco2VOC</folder>
    <filename>null10_jpeg.rf.b80e847d0ce362126055b48282ede71a.jpg</filename>
    <path>C:\Downloads\tmp\coco2VOC\null10_jpeg.rf.b80e847d0ce362126055b48282ede71a.jpg</path>
    <source>
        <database>Unknown</database>
    </source>
    <size>
        <width>273</width>
        <height>184</height>
        <depth>3</depth>
    </size>
    <segmented>0</segmented>
    <object>
        <name>truck</name>
        <pose>Unspecified</pose>
        <truncated>0</truncated>
        <difficult>0</difficult>
        <bndbox>
            <xmin>8</xmin>
            <ymin>45</ymin>
            <xmax>211.33</xmax>
            <ymax>181.84</ymax>
        </bndbox>
    </object>    <object>
        <name>logo</name>
        <pose>Unspecified</pose>
        <truncated>0</truncated>
        <difficult>0</difficult>
        <bndbox>
            <xmin>97</xmin>
            <ymin>111</ymin>
            <xmax>110.26</xmax>
            <ymax>121.34</ymax>
        </bndbox>
    </object>    <object>
        <name>logo</name>
        <pose>Unspecified</pose>
        <truncated>0</truncated>
        <difficult>0</difficult>
        <bndbox>
            <xmin>157</xmin>
            <ymin>119</ymin>
            <xmax>175.65</xmax>
            <ymax>126.79</ymax>
        </bndbox>
    </object>    <object>
        <name>logo</name>
        <pose>Unspecified</pose>
        <truncated>0</truncated>
        <difficult>0</difficult>
        <bndbox>
            <xmin>22</xmin>
            <ymin>67</ymin>
            <xmax>69.19</xmax>
            <ymax>104.93</ymax>
        </bndbox>
    </object>
</annotation>
