<annotation>
    <folder>coco2VOC</folder>
    <filename>null4_jpeg.rf.395ce264eb98341789be2d642b26471d.jpg</filename>
    <path>C:\Downloads\tmp\coco2VOC\null4_jpeg.rf.395ce264eb98341789be2d642b26471d.jpg</path>
    <source>
        <database>Unknown</database>
    </source>
    <size>
        <width>300</width>
        <height>168</height>
        <depth>3</depth>
    </size>
    <segmented>0</segmented>
    <object>
        <name>logo</name>
        <pose>Unspecified</pose>
        <truncated>0</truncated>
        <difficult>0</difficult>
        <bndbox>
            <xmin>110</xmin>
            <ymin>65</ymin>
            <xmax>187.75</xmax>
            <ymax>110.77000000000001</ymax>
        </bndbox>
    </object>    <object>
        <name>logo</name>
        <pose>Unspecified</pose>
        <truncated>0</truncated>
        <difficult>0</difficult>
        <bndbox>
            <xmin>227</xmin>
            <ymin>82</ymin>
            <xmax>246.99</xmax>
            <ymax>103.23</ymax>
        </bndbox>
    </object>    <object>
        <name>van</name>
        <pose>Unspecified</pose>
        <truncated>0</truncated>
        <difficult>0</difficult>
        <bndbox>
            <xmin>67</xmin>
            <ymin>51</ymin>
            <xmax>256.6</xmax>
            <ymax>143.22</ymax>
        </bndbox>
    </object>
</annotation>
