<annotation>
    <folder>coco2VOC</folder>
    <filename>null6_jpeg.rf.bc92b0515feeb224db9032e44757fce6.jpg</filename>
    <path>C:\Downloads\tmp\coco2VOC\null6_jpeg.rf.bc92b0515feeb224db9032e44757fce6.jpg</path>
    <source>
        <database>Unknown</database>
    </source>
    <size>
        <width>275</width>
        <height>183</height>
        <depth>3</depth>
    </size>
    <segmented>0</segmented>
    <object>
        <name>van</name>
        <pose>Unspecified</pose>
        <truncated>0</truncated>
        <difficult>0</difficult>
        <bndbox>
            <xmin>107</xmin>
            <ymin>67</ymin>
            <xmax>274.88</xmax>
            <ymax>182.61</ymax>
        </bndbox>
    </object>    <object>
        <name>logo</name>
        <pose>Unspecified</pose>
        <truncated>0</truncated>
        <difficult>0</difficult>
        <bndbox>
            <xmin>158</xmin>
            <ymin>124</ymin>
            <xmax>188.19</xmax>
            <ymax>144.87</ymax>
        </bndbox>
    </object>    <object>
        <name>logo</name>
        <pose>Unspecified</pose>
        <truncated>0</truncated>
        <difficult>0</difficult>
        <bndbox>
            <xmin>242</xmin>
            <ymin>131</ymin>
            <xmax>274.67</xmax>
            <ymax>146.4</ymax>
        </bndbox>
    </object>    <object>
        <name>logo</name>
        <pose>Unspecified</pose>
        <truncated>0</truncated>
        <difficult>0</difficult>
        <bndbox>
            <xmin>109</xmin>
            <ymin>72</ymin>
            <xmax>130.15</xmax>
            <ymax>84.37</ymax>
        </bndbox>
    </object>    <object>
        <name>van</name>
        <pose>Unspecified</pose>
        <truncated>0</truncated>
        <difficult>0</difficult>
        <bndbox>
            <xmin>53</xmin>
            <ymin>70</ymin>
            <xmax>81.02</xmax>
            <ymax>101.87</ymax>
        </bndbox>
    </object>    <object>
        <name>van</name>
        <pose>Unspecified</pose>
        <truncated>0</truncated>
        <difficult>0</difficult>
        <bndbox>
            <xmin>68</xmin>
            <ymin>69</ymin>
            <xmax>135.88</xmax>
            <ymax>123.89</ymax>
        </bndbox>
    </object>    <object>
        <name>logo</name>
        <pose>Unspecified</pose>
        <truncated>0</truncated>
        <difficult>0</difficult>
        <bndbox>
            <xmin>153</xmin>
            <ymin>83</ymin>
            <xmax>219.20999999999998</xmax>
            <ymax>114</ymax>
        </bndbox>
    </object>    <object>
        <name>logo</name>
        <pose>Unspecified</pose>
        <truncated>0</truncated>
        <difficult>0</difficult>
        <bndbox>
            <xmin>245</xmin>
            <ymin>87</ymin>
            <xmax>274.62</xmax>
            <ymax>111.07</ymax>
        </bndbox>
    </object>
</annotation>
