<annotation>
    <folder>coco2VOC</folder>
    <filename>null12_jpeg.rf.471da4e820a7983e5f45dba0a30fed30.jpg</filename>
    <path>C:\Downloads\tmp\coco2VOC\null12_jpeg.rf.471da4e820a7983e5f45dba0a30fed30.jpg</path>
    <source>
        <database>Unknown</database>
    </source>
    <size>
        <width>259</width>
        <height>194</height>
        <depth>3</depth>
    </size>
    <segmented>0</segmented>
    <object>
        <name>logo</name>
        <pose>Unspecified</pose>
        <truncated>0</truncated>
        <difficult>0</difficult>
        <bndbox>
            <xmin>0</xmin>
            <ymin>60</ymin>
            <xmax>26.26</xmax>
            <ymax>76.37</ymax>
        </bndbox>
    </object>    <object>
        <name>truck</name>
        <pose>Unspecified</pose>
        <truncated>0</truncated>
        <difficult>0</difficult>
        <bndbox>
            <xmin>0</xmin>
            <ymin>27</ymin>
            <xmax>232.88</xmax>
            <ymax>129.7</ymax>
        </bndbox>
    </object>    <object>
        <name>logo</name>
        <pose>Unspecified</pose>
        <truncated>0</truncated>
        <difficult>0</difficult>
        <bndbox>
            <xmin>157</xmin>
            <ymin>85</ymin>
            <xmax>173.47</xmax>
            <ymax>92.14</ymax>
        </bndbox>
    </object>
</annotation>
