<annotation>
    <folder>coco2VOC</folder>
    <filename>null3_jpeg.rf.ea397574a7342dd9d4fb98fdee77cdfe.jpg</filename>
    <path>C:\Downloads\tmp\coco2VOC\null3_jpeg.rf.ea397574a7342dd9d4fb98fdee77cdfe.jpg</path>
    <source>
        <database>Unknown</database>
    </source>
    <size>
        <width>274</width>
        <height>184</height>
        <depth>3</depth>
    </size>
    <segmented>0</segmented>
    <object>
        <name>van</name>
        <pose>Unspecified</pose>
        <truncated>0</truncated>
        <difficult>0</difficult>
        <bndbox>
            <xmin>54</xmin>
            <ymin>65</ymin>
            <xmax>236.44</xmax>
            <ymax>140.43</ymax>
        </bndbox>
    </object>
</annotation>
