<annotation>
    <folder>coco2VOC</folder>
    <filename>null7_jpeg.rf.6e6410eaace412399d734e70f1f0ef3f.jpg</filename>
    <path>C:\Downloads\tmp\coco2VOC\null7_jpeg.rf.6e6410eaace412399d734e70f1f0ef3f.jpg</path>
    <source>
        <database>Unknown</database>
    </source>
    <size>
        <width>259</width>
        <height>194</height>
        <depth>3</depth>
    </size>
    <segmented>0</segmented>
    <object>
        <name>van</name>
        <pose>Unspecified</pose>
        <truncated>0</truncated>
        <difficult>0</difficult>
        <bndbox>
            <xmin>8</xmin>
            <ymin>21</ymin>
            <xmax>207.22</xmax>
            <ymax>190.93</ymax>
        </bndbox>
    </object>    <object>
        <name>logo</name>
        <pose>Unspecified</pose>
        <truncated>0</truncated>
        <difficult>0</difficult>
        <bndbox>
            <xmin>117</xmin>
            <ymin>54</ymin>
            <xmax>196.19</xmax>
            <ymax>94.22999999999999</ymax>
        </bndbox>
    </object>    <object>
        <name>logo</name>
        <pose>Unspecified</pose>
        <truncated>0</truncated>
        <difficult>0</difficult>
        <bndbox>
            <xmin>46</xmin>
            <ymin>45</ymin>
            <xmax>95.25999999999999</xmax>
            <ymax>113.84</ymax>
        </bndbox>
    </object>
</annotation>
