<annotation>
    <folder>coco2VOC</folder>
    <filename>null18_jpeg.rf.ee85ae24e55d3da3db98f557f5b4e801.jpg</filename>
    <path>C:\Downloads\tmp\coco2VOC\null18_jpeg.rf.ee85ae24e55d3da3db98f557f5b4e801.jpg</path>
    <source>
        <database>Unknown</database>
    </source>
    <size>
        <width>262</width>
        <height>192</height>
        <depth>3</depth>
    </size>
    <segmented>0</segmented>
    <object>
        <name>truck</name>
        <pose>Unspecified</pose>
        <truncated>0</truncated>
        <difficult>0</difficult>
        <bndbox>
            <xmin>52</xmin>
            <ymin>39</ymin>
            <xmax>262.47</xmax>
            <ymax>164.39</ymax>
        </bndbox>
    </object>    <object>
        <name>logo</name>
        <pose>Unspecified</pose>
        <truncated>0</truncated>
        <difficult>0</difficult>
        <bndbox>
            <xmin>62</xmin>
            <ymin>59</ymin>
            <xmax>105.43</xmax>
            <ymax>88.77</ymax>
        </bndbox>
    </object>
</annotation>
