<annotation>
    <folder>coco2VOC</folder>
    <filename>null19_jpeg.rf.76aebe693e55ae8430f5760616bc0df4.jpg</filename>
    <path>C:\Downloads\tmp\coco2VOC\null19_jpeg.rf.76aebe693e55ae8430f5760616bc0df4.jpg</path>
    <source>
        <database>Unknown</database>
    </source>
    <size>
        <width>275</width>
        <height>183</height>
        <depth>3</depth>
    </size>
    <segmented>0</segmented>
    <object>
        <name>UPS-logo</name>
        <pose>Unspecified</pose>
        <truncated>0</truncated>
        <difficult>0</difficult>
        <bndbox>
            <xmin>240</xmin>
            <ymin>62</ymin>
            <xmax>247.52</xmax>
            <ymax>76.81</ymax>
        </bndbox>
    </object>    <object>
        <name>logo</name>
        <pose>Unspecified</pose>
        <truncated>0</truncated>
        <difficult>0</difficult>
        <bndbox>
            <xmin>79</xmin>
            <ymin>63</ymin>
            <xmax>119.56</xmax>
            <ymax>81.77</ymax>
        </bndbox>
    </object>    <object>
        <name>UPS-van</name>
        <pose>Unspecified</pose>
        <truncated>0</truncated>
        <difficult>0</difficult>
        <bndbox>
            <xmin>159</xmin>
            <ymin>41</ymin>
            <xmax>262.48</xmax>
            <ymax>115.4</ymax>
        </bndbox>
    </object>    <object>
        <name>truck</name>
        <pose>Unspecified</pose>
        <truncated>0</truncated>
        <difficult>0</difficult>
        <bndbox>
            <xmin>15</xmin>
            <ymin>56</ymin>
            <xmax>129.41</xmax>
            <ymax>114.92</ymax>
        </bndbox>
    </object>
</annotation>
