<annotation>
    <folder>coco2VOC</folder>
    <filename>null9_jpeg.rf.06f98b77b9f57383a27db60e5eacf9aa.jpg</filename>
    <path>C:\Downloads\tmp\coco2VOC\null9_jpeg.rf.06f98b77b9f57383a27db60e5eacf9aa.jpg</path>
    <source>
        <database>Unknown</database>
    </source>
    <size>
        <width>283</width>
        <height>178</height>
        <depth>3</depth>
    </size>
    <segmented>0</segmented>
    <object>
        <name>logo</name>
        <pose>Unspecified</pose>
        <truncated>0</truncated>
        <difficult>0</difficult>
        <bndbox>
            <xmin>167</xmin>
            <ymin>65</ymin>
            <xmax>213.48</xmax>
            <ymax>78.7</ymax>
        </bndbox>
    </object>    <object>
        <name>truck</name>
        <pose>Unspecified</pose>
        <truncated>0</truncated>
        <difficult>0</difficult>
        <bndbox>
            <xmin>52</xmin>
            <ymin>52</ymin>
            <xmax>229.81</xmax>
            <ymax>129.37</ymax>
        </bndbox>
    </object>
</annotation>
