<annotation>
    <folder>coco2VOC</folder>
    <filename>null14_jpeg.rf.90c7839363b60c2be8952239bd82398c.jpg</filename>
    <path>C:\Downloads\tmp\coco2VOC\null14_jpeg.rf.90c7839363b60c2be8952239bd82398c.jpg</path>
    <source>
        <database>Unknown</database>
    </source>
    <size>
        <width>275</width>
        <height>183</height>
        <depth>3</depth>
    </size>
    <segmented>0</segmented>
    <object>
        <name>truck</name>
        <pose>Unspecified</pose>
        <truncated>0</truncated>
        <difficult>0</difficult>
        <bndbox>
            <xmin>35</xmin>
            <ymin>60</ymin>
            <xmax>228.35</xmax>
            <ymax>139.93</ymax>
        </bndbox>
    </object>    <object>
        <name>logo</name>
        <pose>Unspecified</pose>
        <truncated>0</truncated>
        <difficult>0</difficult>
        <bndbox>
            <xmin>82</xmin>
            <ymin>74</ymin>
            <xmax>123.12</xmax>
            <ymax>95.63</ymax>
        </bndbox>
    </object>
</annotation>
