<annotation>
    <folder>coco2VOC</folder>
    <filename>null20_jpeg.rf.3c4b9d2cac0f527a4eeeb44577597fba.jpg</filename>
    <path>C:\Downloads\tmp\coco2VOC\null20_jpeg.rf.3c4b9d2cac0f527a4eeeb44577597fba.jpg</path>
    <source>
        <database>Unknown</database>
    </source>
    <size>
        <width>268</width>
        <height>188</height>
        <depth>3</depth>
    </size>
    <segmented>0</segmented>
    <object>
        <name>logo</name>
        <pose>Unspecified</pose>
        <truncated>0</truncated>
        <difficult>0</difficult>
        <bndbox>
            <xmin>107</xmin>
            <ymin>45</ymin>
            <xmax>121.55</xmax>
            <ymax>72.82</ymax>
        </bndbox>
    </object>    <object>
        <name>truck</name>
        <pose>Unspecified</pose>
        <truncated>0</truncated>
        <difficult>0</difficult>
        <bndbox>
            <xmin>164</xmin>
            <ymin>42</ymin>
            <xmax>261.76</xmax>
            <ymax>130.49</ymax>
        </bndbox>
    </object>    <object>
        <name>truck</name>
        <pose>Unspecified</pose>
        <truncated>0</truncated>
        <difficult>0</difficult>
        <bndbox>
            <xmin>121</xmin>
            <ymin>60</ymin>
            <xmax>170.24</xmax>
            <ymax>117.75999999999999</ymax>
        </bndbox>
    </object>    <object>
        <name>truck</name>
        <pose>Unspecified</pose>
        <truncated>0</truncated>
        <difficult>0</difficult>
        <bndbox>
            <xmin>0</xmin>
            <ymin>12</ymin>
            <xmax>124.45</xmax>
            <ymax>183.5</ymax>
        </bndbox>
    </object>
</annotation>
