<annotation>
    <folder>coco2VOC</folder>
    <filename>null2_jpeg.rf.8319c1fa8b3626b01803e0877b10aa79.jpg</filename>
    <path>C:\Downloads\tmp\coco2VOC\null2_jpeg.rf.8319c1fa8b3626b01803e0877b10aa79.jpg</path>
    <source>
        <database>Unknown</database>
    </source>
    <size>
        <width>100</width>
        <height>100</height>
        <depth>3</depth>
    </size>
    <segmented>0</segmented>
    <object>
        <name>van</name>
        <pose>Unspecified</pose>
        <truncated>0</truncated>
        <difficult>0</difficult>
        <bndbox>
            <xmin>0</xmin>
            <ymin>7</ymin>
            <xmax>100</xmax>
            <ymax>90.2</ymax>
        </bndbox>
    </object>
</annotation>
