<annotation>
    <folder>coco2VOC</folder>
    <filename>null15_jpeg.rf.df74edd3be438571f29b9de9f16531f1.jpg</filename>
    <path>C:\Downloads\tmp\coco2VOC\null15_jpeg.rf.df74edd3be438571f29b9de9f16531f1.jpg</path>
    <source>
        <database>Unknown</database>
    </source>
    <size>
        <width>259</width>
        <height>194</height>
        <depth>3</depth>
    </size>
    <segmented>0</segmented>
    <object>
        <name>van</name>
        <pose>Unspecified</pose>
        <truncated>0</truncated>
        <difficult>0</difficult>
        <bndbox>
            <xmin>18</xmin>
            <ymin>67</ymin>
            <xmax>248.78</xmax>
            <ymax>185.85</ymax>
        </bndbox>
    </object>    <object>
        <name>logo</name>
        <pose>Unspecified</pose>
        <truncated>0</truncated>
        <difficult>0</difficult>
        <bndbox>
            <xmin>57</xmin>
            <ymin>78</ymin>
            <xmax>103.5</xmax>
            <ymax>87.07</ymax>
        </bndbox>
    </object>    <object>
        <name>logo</name>
        <pose>Unspecified</pose>
        <truncated>0</truncated>
        <difficult>0</difficult>
        <bndbox>
            <xmin>155</xmin>
            <ymin>90</ymin>
            <xmax>213.35</xmax>
            <ymax>108.09</ymax>
        </bndbox>
    </object>
</annotation>
