<annotation>
    <folder>coco2VOC</folder>
    <filename>null1_jpeg.rf.964249f783698ed1f447928b30086a44.jpg</filename>
    <path>C:\Downloads\tmp\coco2VOC\null1_jpeg.rf.964249f783698ed1f447928b30086a44.jpg</path>
    <source>
        <database>Unknown</database>
    </source>
    <size>
        <width>100</width>
        <height>100</height>
        <depth>3</depth>
    </size>
    <segmented>0</segmented>
    <object>
        <name>van</name>
        <pose>Unspecified</pose>
        <truncated>0</truncated>
        <difficult>0</difficult>
        <bndbox>
            <xmin>0</xmin>
            <ymin>18</ymin>
            <xmax>80.93</xmax>
            <ymax>99.83</ymax>
        </bndbox>
    </object>
</annotation>
