<annotation>
    <folder>coco2VOC</folder>
    <filename>null8_jpeg.rf.06d6c55d151eeb6d2999fee775089412.jpg</filename>
    <path>C:\Downloads\tmp\coco2VOC\null8_jpeg.rf.06d6c55d151eeb6d2999fee775089412.jpg</path>
    <source>
        <database>Unknown</database>
    </source>
    <size>
        <width>262</width>
        <height>193</height>
        <depth>3</depth>
    </size>
    <segmented>0</segmented>
    <object>
        <name>logo</name>
        <pose>Unspecified</pose>
        <truncated>0</truncated>
        <difficult>0</difficult>
        <bndbox>
            <xmin>25</xmin>
            <ymin>48</ymin>
            <xmax>71.03999999999999</xmax>
            <ymax>70.62</ymax>
        </bndbox>
    </object>    <object>
        <name>van</name>
        <pose>Unspecified</pose>
        <truncated>0</truncated>
        <difficult>0</difficult>
        <bndbox>
            <xmin>13</xmin>
            <ymin>14</ymin>
            <xmax>250.54</xmax>
            <ymax>166.13</ymax>
        </bndbox>
    </object>    <object>
        <name>logo</name>
        <pose>Unspecified</pose>
        <truncated>0</truncated>
        <difficult>0</difficult>
        <bndbox>
            <xmin>196</xmin>
            <ymin>88</ymin>
            <xmax>225.99</xmax>
            <ymax>94.68</ymax>
        </bndbox>
    </object>
</annotation>
