<annotation>
    <folder>coco2VOC</folder>
    <filename>null5_jpeg.rf.79ade0d83b70d38ead4ecc0fa725c984.jpg</filename>
    <path>C:\Downloads\tmp\coco2VOC\null5_jpeg.rf.79ade0d83b70d38ead4ecc0fa725c984.jpg</path>
    <source>
        <database>Unknown</database>
    </source>
    <size>
        <width>300</width>
        <height>168</height>
        <depth>3</depth>
    </size>
    <segmented>0</segmented>
    <object>
        <name>van</name>
        <pose>Unspecified</pose>
        <truncated>0</truncated>
        <difficult>0</difficult>
        <bndbox>
            <xmin>0</xmin>
            <ymin>57</ymin>
            <xmax>154.2</xmax>
            <ymax>128.49</ymax>
        </bndbox>
    </object>    <object>
        <name>van</name>
        <pose>Unspecified</pose>
        <truncated>0</truncated>
        <difficult>0</difficult>
        <bndbox>
            <xmin>50</xmin>
            <ymin>46</ymin>
            <xmax>299.86</xmax>
            <ymax>147.24</ymax>
        </bndbox>
    </object>
</annotation>
