<annotation>
    <folder>coco2VOC</folder>
    <filename>null22_jpeg.rf.5394bf825f63b7a2d9f18c380de35450.jpg</filename>
    <path>C:\Downloads\tmp\coco2VOC\null22_jpeg.rf.5394bf825f63b7a2d9f18c380de35450.jpg</path>
    <source>
        <database>Unknown</database>
    </source>
    <size>
        <width>262</width>
        <height>193</height>
        <depth>3</depth>
    </size>
    <segmented>0</segmented>
    <object>
        <name>truck</name>
        <pose>Unspecified</pose>
        <truncated>0</truncated>
        <difficult>0</difficult>
        <bndbox>
            <xmin>48</xmin>
            <ymin>59</ymin>
            <xmax>163.44</xmax>
            <ymax>151.86</ymax>
        </bndbox>
    </object>    <object>
        <name>logo</name>
        <pose>Unspecified</pose>
        <truncated>0</truncated>
        <difficult>0</difficult>
        <bndbox>
            <xmin>235</xmin>
            <ymin>102</ymin>
            <xmax>261.83</xmax>
            <ymax>114.34</ymax>
        </bndbox>
    </object>    <object>
        <name>van</name>
        <pose>Unspecified</pose>
        <truncated>0</truncated>
        <difficult>0</difficult>
        <bndbox>
            <xmin>227</xmin>
            <ymin>80</ymin>
            <xmax>261.56</xmax>
            <ymax>150.26</ymax>
        </bndbox>
    </object>
</annotation>
