<annotation>
    <folder>coco2VOC</folder>
    <filename>null17_jpeg.rf.d721c345465e1e0c4b54e3bd92f38b27.jpg</filename>
    <path>C:\Downloads\tmp\coco2VOC\null17_jpeg.rf.d721c345465e1e0c4b54e3bd92f38b27.jpg</path>
    <source>
        <database>Unknown</database>
    </source>
    <size>
        <width>264</width>
        <height>191</height>
        <depth>3</depth>
    </size>
    <segmented>0</segmented>
    <object>
        <name>van</name>
        <pose>Unspecified</pose>
        <truncated>0</truncated>
        <difficult>0</difficult>
        <bndbox>
            <xmin>9</xmin>
            <ymin>54</ymin>
            <xmax>252.7</xmax>
            <ymax>146.86</ymax>
        </bndbox>
    </object>    <object>
        <name>logo</name>
        <pose>Unspecified</pose>
        <truncated>0</truncated>
        <difficult>0</difficult>
        <bndbox>
            <xmin>72</xmin>
            <ymin>73</ymin>
            <xmax>166.55</xmax>
            <ymax>88.64</ymax>
        </bndbox>
    </object>
</annotation>
