<annotation>
    <folder>coco2VOC</folder>
    <filename>null11_jpeg.rf.43d062678e69c628814d8cea01d4ccb9.jpg</filename>
    <path>C:\Downloads\tmp\coco2VOC\null11_jpeg.rf.43d062678e69c628814d8cea01d4ccb9.jpg</path>
    <source>
        <database>Unknown</database>
    </source>
    <size>
        <width>276</width>
        <height>183</height>
        <depth>3</depth>
    </size>
    <segmented>0</segmented>
    <object>
        <name>truck</name>
        <pose>Unspecified</pose>
        <truncated>0</truncated>
        <difficult>0</difficult>
        <bndbox>
            <xmin>78</xmin>
            <ymin>70</ymin>
            <xmax>276.45</xmax>
            <ymax>140.29000000000002</ymax>
        </bndbox>
    </object>
</annotation>
