<annotation>
    <folder>coco2VOC</folder>
    <filename>null24_jpeg.rf.fc0b7dcebee871784487e4ef9ae7432c.jpg</filename>
    <path>C:\Downloads\tmp\coco2VOC\null24_jpeg.rf.fc0b7dcebee871784487e4ef9ae7432c.jpg</path>
    <source>
        <database>Unknown</database>
    </source>
    <size>
        <width>100</width>
        <height>100</height>
        <depth>3</depth>
    </size>
    <segmented>0</segmented>
    <object>
        <name>logo</name>
        <pose>Unspecified</pose>
        <truncated>0</truncated>
        <difficult>0</difficult>
        <bndbox>
            <xmin>0</xmin>
            <ymin>33</ymin>
            <xmax>18.07</xmax>
            <ymax>52.370000000000005</ymax>
        </bndbox>
    </object>    <object>
        <name>truck</name>
        <pose>Unspecified</pose>
        <truncated>0</truncated>
        <difficult>0</difficult>
        <bndbox>
            <xmin>0</xmin>
            <ymin>22</ymin>
            <xmax>87.02</xmax>
            <ymax>87.76</ymax>
        </bndbox>
    </object>
</annotation>
