<annotation>
    <folder>coco2VOC</folder>
    <filename>null23_jpeg.rf.f2eed17349677896131eb869db197417.jpg</filename>
    <path>C:\Downloads\tmp\coco2VOC\null23_jpeg.rf.f2eed17349677896131eb869db197417.jpg</path>
    <source>
        <database>Unknown</database>
    </source>
    <size>
        <width>264</width>
        <height>191</height>
        <depth>3</depth>
    </size>
    <segmented>0</segmented>
    <object>
        <name>truck</name>
        <pose>Unspecified</pose>
        <truncated>0</truncated>
        <difficult>0</difficult>
        <bndbox>
            <xmin>17</xmin>
            <ymin>42</ymin>
            <xmax>231.67</xmax>
            <ymax>148.26</ymax>
        </bndbox>
    </object>
</annotation>
