<annotation>
    <folder>coco2VOC</folder>
    <filename>null21_jpeg.rf.d1c2cc440aa77c4920c58b84b52cdec0.jpg</filename>
    <path>C:\Downloads\tmp\coco2VOC\null21_jpeg.rf.d1c2cc440aa77c4920c58b84b52cdec0.jpg</path>
    <source>
        <database>Unknown</database>
    </source>
    <size>
        <width>338</width>
        <height>149</height>
        <depth>3</depth>
    </size>
    <segmented>0</segmented>
    <object>
        <name>truck</name>
        <pose>Unspecified</pose>
        <truncated>0</truncated>
        <difficult>0</difficult>
        <bndbox>
            <xmin>102</xmin>
            <ymin>52</ymin>
            <xmax>128.09</xmax>
            <ymax>95.68</ymax>
        </bndbox>
    </object>    <object>
        <name>truck</name>
        <pose>Unspecified</pose>
        <truncated>0</truncated>
        <difficult>0</difficult>
        <bndbox>
            <xmin>127</xmin>
            <ymin>24</ymin>
            <xmax>301.13</xmax>
            <ymax>133.56</ymax>
        </bndbox>
    </object>
</annotation>
