<annotation>
    <folder>coco2VOC</folder>
    <filename>null13_jpeg.rf.bc45cee3fe1077886ce0ba94d7bd320c.jpg</filename>
    <path>C:\Downloads\tmp\coco2VOC\null13_jpeg.rf.bc45cee3fe1077886ce0ba94d7bd320c.jpg</path>
    <source>
        <database>Unknown</database>
    </source>
    <size>
        <width>296</width>
        <height>170</height>
        <depth>3</depth>
    </size>
    <segmented>0</segmented>
    <object>
        <name>logo</name>
        <pose>Unspecified</pose>
        <truncated>0</truncated>
        <difficult>0</difficult>
        <bndbox>
            <xmin>201</xmin>
            <ymin>33</ymin>
            <xmax>222.68</xmax>
            <ymax>46.34</ymax>
        </bndbox>
    </object>    <object>
        <name>truck</name>
        <pose>Unspecified</pose>
        <truncated>0</truncated>
        <difficult>0</difficult>
        <bndbox>
            <xmin>55</xmin>
            <ymin>16</ymin>
            <xmax>254.03</xmax>
            <ymax>128.5</ymax>
        </bndbox>
    </object>
</annotation>
