<annotation>
    <folder>coco2VOC</folder>
    <filename>null16_jpeg.rf.3ad20d1a9ace47e2d4d079c275d2e210.jpg</filename>
    <path>C:\Downloads\tmp\coco2VOC\null16_jpeg.rf.3ad20d1a9ace47e2d4d079c275d2e210.jpg</path>
    <source>
        <database>Unknown</database>
    </source>
    <size>
        <width>281</width>
        <height>180</height>
        <depth>3</depth>
    </size>
    <segmented>0</segmented>
    <object>
        <name>truck</name>
        <pose>Unspecified</pose>
        <truncated>0</truncated>
        <difficult>0</difficult>
        <bndbox>
            <xmin>81</xmin>
            <ymin>75</ymin>
            <xmax>281.01</xmax>
            <ymax>147.4</ymax>
        </bndbox>
    </object>
</annotation>
