<annotation>
    <folder>coco2VOC</folder>
    <filename>Target--44-_jpg.rf.71ff09f18eeeb2afcd689f5d94fa2b80.jpg</filename>
    <path>C:\Downloads\tmp\coco2VOC\Target--44-_jpg.rf.71ff09f18eeeb2afcd689f5d94fa2b80.jpg</path>
    <source>
        <database>Unknown</database>
    </source>
    <size>
        <width>1680</width>
        <height>690</height>
        <depth>3</depth>
    </size>
    <segmented>0</segmented>
    <object>
        <name>Fedex-logo</name>
        <pose>Unspecified</pose>
        <truncated>0</truncated>
        <difficult>0</difficult>
        <bndbox>
            <xmin>1201</xmin>
            <ymin>292</ymin>
            <xmax>1289.33</xmax>
            <ymax>375.89</ymax>
        </bndbox>
    </object>    <object>
        <name>Target-word</name>
        <pose>Unspecified</pose>
        <truncated>0</truncated>
        <difficult>0</difficult>
        <bndbox>
            <xmin>147</xmin>
            <ymin>288</ymin>
            <xmax>634</xmax>
            <ymax>448</ymax>
        </bndbox>
    </object>    <object>
        <name>Target-logo</name>
        <pose>Unspecified</pose>
        <truncated>0</truncated>
        <difficult>0</difficult>
        <bndbox>
            <xmin>151</xmin>
            <ymin>292</ymin>
            <xmax>316</xmax>
            <ymax>451</ymax>
        </bndbox>
    </object>    <object>
        <name>Target-truck</name>
        <pose>Unspecified</pose>
        <truncated>0</truncated>
        <difficult>0</difficult>
        <bndbox>
            <xmin>0</xmin>
            <ymin>212</ymin>
            <xmax>1680</xmax>
            <ymax>690</ymax>
        </bndbox>
    </object>
</annotation>
