<annotation>
    <folder>coco2VOC</folder>
    <filename>Target--145-_jpg.rf.098d67df6414470430266b0ca479509f.jpg</filename>
    <path>C:\Downloads\tmp\coco2VOC\Target--145-_jpg.rf.098d67df6414470430266b0ca479509f.jpg</path>
    <source>
        <database>Unknown</database>
    </source>
    <size>
        <width>259</width>
        <height>194</height>
        <depth>3</depth>
    </size>
    <segmented>0</segmented>
    <object>
        <name>Target-truck</name>
        <pose>Unspecified</pose>
        <truncated>0</truncated>
        <difficult>0</difficult>
        <bndbox>
            <xmin>6</xmin>
            <ymin>55</ymin>
            <xmax>259</xmax>
            <ymax>163</ymax>
        </bndbox>
    </object>    <object>
        <name>Target-logo</name>
        <pose>Unspecified</pose>
        <truncated>0</truncated>
        <difficult>0</difficult>
        <bndbox>
            <xmin>20</xmin>
            <ymin>67</ymin>
            <xmax>34</xmax>
            <ymax>92</ymax>
        </bndbox>
    </object>    <object>
        <name>Target-word</name>
        <pose>Unspecified</pose>
        <truncated>0</truncated>
        <difficult>0</difficult>
        <bndbox>
            <xmin>20</xmin>
            <ymin>67</ymin>
            <xmax>66</xmax>
            <ymax>94</ymax>
        </bndbox>
    </object>    <object>
        <name>Fedex-logo</name>
        <pose>Unspecified</pose>
        <truncated>0</truncated>
        <difficult>0</difficult>
        <bndbox>
            <xmin>152</xmin>
            <ymin>71</ymin>
            <xmax>173.88</xmax>
            <ymax>92.48</ymax>
        </bndbox>
    </object>
</annotation>
