<annotation>
    <folder>coco2VOC</folder>
    <filename>Target--167-_jpg.rf.a0ee4ab2a3897ca04724089d188d7040.jpg</filename>
    <path>C:\Downloads\tmp\coco2VOC\Target--167-_jpg.rf.a0ee4ab2a3897ca04724089d188d7040.jpg</path>
    <source>
        <database>Unknown</database>
    </source>
    <size>
        <width>411</width>
        <height>123</height>
        <depth>3</depth>
    </size>
    <segmented>0</segmented>
    <object>
        <name>Target-word</name>
        <pose>Unspecified</pose>
        <truncated>0</truncated>
        <difficult>0</difficult>
        <bndbox>
            <xmin>6</xmin>
            <ymin>55</ymin>
            <xmax>93</xmax>
            <ymax>85</ymax>
        </bndbox>
    </object>    <object>
        <name>Target-truck</name>
        <pose>Unspecified</pose>
        <truncated>0</truncated>
        <difficult>0</difficult>
        <bndbox>
            <xmin>0</xmin>
            <ymin>48</ymin>
            <xmax>115</xmax>
            <ymax>104</ymax>
        </bndbox>
    </object>
</annotation>
