<annotation>
    <folder>coco2VOC</folder>
    <filename>Target--136-_jpg.rf.efd8dc58c2076997d6b1cc416a3a75c0.jpg</filename>
    <path>C:\Downloads\tmp\coco2VOC\Target--136-_jpg.rf.efd8dc58c2076997d6b1cc416a3a75c0.jpg</path>
    <source>
        <database>Unknown</database>
    </source>
    <size>
        <width>100</width>
        <height>100</height>
        <depth>3</depth>
    </size>
    <segmented>0</segmented>
    <object>
        <name>Target-word</name>
        <pose>Unspecified</pose>
        <truncated>0</truncated>
        <difficult>0</difficult>
        <bndbox>
            <xmin>47</xmin>
            <ymin>18</ymin>
            <xmax>100</xmax>
            <ymax>52</ymax>
        </bndbox>
    </object>    <object>
        <name>Target-logo</name>
        <pose>Unspecified</pose>
        <truncated>0</truncated>
        <difficult>0</difficult>
        <bndbox>
            <xmin>48</xmin>
            <ymin>26</ymin>
            <xmax>67</xmax>
            <ymax>50</ymax>
        </bndbox>
    </object>    <object>
        <name>Target-truck</name>
        <pose>Unspecified</pose>
        <truncated>0</truncated>
        <difficult>0</difficult>
        <bndbox>
            <xmin>0</xmin>
            <ymin>0</ymin>
            <xmax>100</xmax>
            <ymax>100</ymax>
        </bndbox>
    </object>
</annotation>
