<annotation>
    <folder>coco2VOC</folder>
    <filename>Target--87-_jpg.rf.4e3fc8c7bb9a47ea660cea1a6c42bffc.jpg</filename>
    <path>C:\Downloads\tmp\coco2VOC\Target--87-_jpg.rf.4e3fc8c7bb9a47ea660cea1a6c42bffc.jpg</path>
    <source>
        <database>Unknown</database>
    </source>
    <size>
        <width>265</width>
        <height>190</height>
        <depth>3</depth>
    </size>
    <segmented>0</segmented>
    <object>
        <name>Fedex-truck</name>
        <pose>Unspecified</pose>
        <truncated>0</truncated>
        <difficult>0</difficult>
        <bndbox>
            <xmin>96</xmin>
            <ymin>52</ymin>
            <xmax>220.38</xmax>
            <ymax>158.29000000000002</ymax>
        </bndbox>
    </object>    <object>
        <name>Fedex-logo</name>
        <pose>Unspecified</pose>
        <truncated>0</truncated>
        <difficult>0</difficult>
        <bndbox>
            <xmin>152</xmin>
            <ymin>56</ymin>
            <xmax>214.41</xmax>
            <ymax>80.86</ymax>
        </bndbox>
    </object>    <object>
        <name>Fedex-word</name>
        <pose>Unspecified</pose>
        <truncated>0</truncated>
        <difficult>0</difficult>
        <bndbox>
            <xmin>155</xmin>
            <ymin>81</ymin>
            <xmax>211</xmax>
            <ymax>96</ymax>
        </bndbox>
    </object>    <object>
        <name>Target-logo</name>
        <pose>Unspecified</pose>
        <truncated>0</truncated>
        <difficult>0</difficult>
        <bndbox>
            <xmin>114</xmin>
            <ymin>55</ymin>
            <xmax>150.04</xmax>
            <ymax>128.95</ymax>
        </bndbox>
    </object>
</annotation>
