<annotation>
    <folder>coco2VOC</folder>
    <filename>Target--49-_jpg.rf.13b9cea58609d25aadc3e4187f9d0238.jpg</filename>
    <path>C:\Downloads\tmp\coco2VOC\Target--49-_jpg.rf.13b9cea58609d25aadc3e4187f9d0238.jpg</path>
    <source>
        <database>Unknown</database>
    </source>
    <size>
        <width>264</width>
        <height>191</height>
        <depth>3</depth>
    </size>
    <segmented>0</segmented>
    <object>
        <name>Target-logo</name>
        <pose>Unspecified</pose>
        <truncated>0</truncated>
        <difficult>0</difficult>
        <bndbox>
            <xmin>164</xmin>
            <ymin>54</ymin>
            <xmax>211.04</xmax>
            <ymax>71</ymax>
        </bndbox>
    </object>    <object>
        <name>Target-word</name>
        <pose>Unspecified</pose>
        <truncated>0</truncated>
        <difficult>0</difficult>
        <bndbox>
            <xmin>165</xmin>
            <ymin>71</ymin>
            <xmax>208</xmax>
            <ymax>83</ymax>
        </bndbox>
    </object>    <object>
        <name>Target-truck</name>
        <pose>Unspecified</pose>
        <truncated>0</truncated>
        <difficult>0</difficult>
        <bndbox>
            <xmin>143</xmin>
            <ymin>48</ymin>
            <xmax>212</xmax>
            <ymax>128</ymax>
        </bndbox>
    </object>
</annotation>
