<annotation>
    <folder>coco2VOC</folder>
    <filename>Target--96-_jpg.rf.34806a21e1393e2655d617c9d4264e33.jpg</filename>
    <path>C:\Downloads\tmp\coco2VOC\Target--96-_jpg.rf.34806a21e1393e2655d617c9d4264e33.jpg</path>
    <source>
        <database>Unknown</database>
    </source>
    <size>
        <width>275</width>
        <height>183</height>
        <depth>3</depth>
    </size>
    <segmented>0</segmented>
    <object>
        <name>Target-word</name>
        <pose>Unspecified</pose>
        <truncated>0</truncated>
        <difficult>0</difficult>
        <bndbox>
            <xmin>32</xmin>
            <ymin>61</ymin>
            <xmax>193</xmax>
            <ymax>109</ymax>
        </bndbox>
    </object>    <object>
        <name>Target-logo</name>
        <pose>Unspecified</pose>
        <truncated>0</truncated>
        <difficult>0</difficult>
        <bndbox>
            <xmin>32</xmin>
            <ymin>61</ymin>
            <xmax>80</xmax>
            <ymax>109</ymax>
        </bndbox>
    </object>    <object>
        <name>Target-truck</name>
        <pose>Unspecified</pose>
        <truncated>0</truncated>
        <difficult>0</difficult>
        <bndbox>
            <xmin>0</xmin>
            <ymin>6</ymin>
            <xmax>256</xmax>
            <ymax>177</ymax>
        </bndbox>
    </object>
</annotation>
