<annotation>
    <folder>coco2VOC</folder>
    <filename>Target--80-_jpg.rf.f35972125726fb46ce455992dd43a9c9.jpg</filename>
    <path>C:\Downloads\tmp\coco2VOC\Target--80-_jpg.rf.f35972125726fb46ce455992dd43a9c9.jpg</path>
    <source>
        <database>Unknown</database>
    </source>
    <size>
        <width>300</width>
        <height>168</height>
        <depth>3</depth>
    </size>
    <segmented>0</segmented>
    <object>
        <name>Target-word</name>
        <pose>Unspecified</pose>
        <truncated>0</truncated>
        <difficult>0</difficult>
        <bndbox>
            <xmin>201</xmin>
            <ymin>44</ymin>
            <xmax>232</xmax>
            <ymax>70</ymax>
        </bndbox>
    </object>    <object>
        <name>Target-logo</name>
        <pose>Unspecified</pose>
        <truncated>0</truncated>
        <difficult>0</difficult>
        <bndbox>
            <xmin>248</xmin>
            <ymin>40</ymin>
            <xmax>278.57</xmax>
            <ymax>84.21000000000001</ymax>
        </bndbox>
    </object>    <object>
        <name>Target-truck</name>
        <pose>Unspecified</pose>
        <truncated>0</truncated>
        <difficult>0</difficult>
        <bndbox>
            <xmin>27</xmin>
            <ymin>6</ymin>
            <xmax>279</xmax>
            <ymax>131</ymax>
        </bndbox>
    </object>
</annotation>
