<annotation>
    <folder>coco2VOC</folder>
    <filename>Target--55-_jpg.rf.effb80874c52dbe11f9635560b61b588.jpg</filename>
    <path>C:\Downloads\tmp\coco2VOC\Target--55-_jpg.rf.effb80874c52dbe11f9635560b61b588.jpg</path>
    <source>
        <database>Unknown</database>
    </source>
    <size>
        <width>275</width>
        <height>183</height>
        <depth>3</depth>
    </size>
    <segmented>0</segmented>
    <object>
        <name>Target-word</name>
        <pose>Unspecified</pose>
        <truncated>0</truncated>
        <difficult>0</difficult>
        <bndbox>
            <xmin>93</xmin>
            <ymin>30</ymin>
            <xmax>189</xmax>
            <ymax>107</ymax>
        </bndbox>
    </object>    <object>
        <name>Target-logo</name>
        <pose>Unspecified</pose>
        <truncated>0</truncated>
        <difficult>0</difficult>
        <bndbox>
            <xmin>93</xmin>
            <ymin>54</ymin>
            <xmax>112</xmax>
            <ymax>107</ymax>
        </bndbox>
    </object>    <object>
        <name>Target-truck</name>
        <pose>Unspecified</pose>
        <truncated>0</truncated>
        <difficult>0</difficult>
        <bndbox>
            <xmin>44</xmin>
            <ymin>0</ymin>
            <xmax>275</xmax>
            <ymax>183</ymax>
        </bndbox>
    </object>
</annotation>
