<annotation>
    <folder>coco2VOC</folder>
    <filename>Target--123-_jpg.rf.602420fcaa76d07ca1dba6c93518d772.jpg</filename>
    <path>C:\Downloads\tmp\coco2VOC\Target--123-_jpg.rf.602420fcaa76d07ca1dba6c93518d772.jpg</path>
    <source>
        <database>Unknown</database>
    </source>
    <size>
        <width>299</width>
        <height>168</height>
        <depth>3</depth>
    </size>
    <segmented>0</segmented>
    <object>
        <name>Target-logo</name>
        <pose>Unspecified</pose>
        <truncated>0</truncated>
        <difficult>0</difficult>
        <bndbox>
            <xmin>47</xmin>
            <ymin>83</ymin>
            <xmax>57</xmax>
            <ymax>94</ymax>
        </bndbox>
    </object>    <object>
        <name>Target-word</name>
        <pose>Unspecified</pose>
        <truncated>0</truncated>
        <difficult>0</difficult>
        <bndbox>
            <xmin>47</xmin>
            <ymin>83</ymin>
            <xmax>81</xmax>
            <ymax>97</ymax>
        </bndbox>
    </object>    <object>
        <name>Target-truck</name>
        <pose>Unspecified</pose>
        <truncated>0</truncated>
        <difficult>0</difficult>
        <bndbox>
            <xmin>31</xmin>
            <ymin>75</ymin>
            <xmax>155</xmax>
            <ymax>117</ymax>
        </bndbox>
    </object>
</annotation>
