<annotation>
    <folder>coco2VOC</folder>
    <filename>Target--25-_jpg.rf.dafcd694377189109a71dc86afbd248c.jpg</filename>
    <path>C:\Downloads\tmp\coco2VOC\Target--25-_jpg.rf.dafcd694377189109a71dc86afbd248c.jpg</path>
    <source>
        <database>Unknown</database>
    </source>
    <size>
        <width>1880</width>
        <height>940</height>
        <depth>3</depth>
    </size>
    <segmented>0</segmented>
    <object>
        <name>Target-truck</name>
        <pose>Unspecified</pose>
        <truncated>0</truncated>
        <difficult>0</difficult>
        <bndbox>
            <xmin>453</xmin>
            <ymin>11</ymin>
            <xmax>1789.34</xmax>
            <ymax>918</ymax>
        </bndbox>
    </object>    <object>
        <name>Target-word</name>
        <pose>Unspecified</pose>
        <truncated>0</truncated>
        <difficult>0</difficult>
        <bndbox>
            <xmin>1612</xmin>
            <ymin>569</ymin>
            <xmax>1745</xmax>
            <ymax>727</ymax>
        </bndbox>
    </object>
</annotation>
