<annotation>
    <folder>coco2VOC</folder>
    <filename>Target--164-_jpg.rf.97a39faa604e2a643a1e5c106e1e4727.jpg</filename>
    <path>C:\Downloads\tmp\coco2VOC\Target--164-_jpg.rf.97a39faa604e2a643a1e5c106e1e4727.jpg</path>
    <source>
        <database>Unknown</database>
    </source>
    <size>
        <width>278</width>
        <height>182</height>
        <depth>3</depth>
    </size>
    <segmented>0</segmented>
    <object>
        <name>Target-logo</name>
        <pose>Unspecified</pose>
        <truncated>0</truncated>
        <difficult>0</difficult>
        <bndbox>
            <xmin>216</xmin>
            <ymin>95</ymin>
            <xmax>229.19</xmax>
            <ymax>111.98</ymax>
        </bndbox>
    </object>    <object>
        <name>Target-logo</name>
        <pose>Unspecified</pose>
        <truncated>0</truncated>
        <difficult>0</difficult>
        <bndbox>
            <xmin>49</xmin>
            <ymin>78</ymin>
            <xmax>55.84</xmax>
            <ymax>97.63</ymax>
        </bndbox>
    </object>    <object>
        <name>Target-logo</name>
        <pose>Unspecified</pose>
        <truncated>0</truncated>
        <difficult>0</difficult>
        <bndbox>
            <xmin>96</xmin>
            <ymin>67</ymin>
            <xmax>115.68</xmax>
            <ymax>111.65</ymax>
        </bndbox>
    </object>    <object>
        <name>Target-word</name>
        <pose>Unspecified</pose>
        <truncated>0</truncated>
        <difficult>0</difficult>
        <bndbox>
            <xmin>95</xmin>
            <ymin>65</ymin>
            <xmax>163.41</xmax>
            <ymax>113.45</ymax>
        </bndbox>
    </object>    <object>
        <name>Target-truck</name>
        <pose>Unspecified</pose>
        <truncated>0</truncated>
        <difficult>0</difficult>
        <bndbox>
            <xmin>7</xmin>
            <ymin>20</ymin>
            <xmax>278.18</xmax>
            <ymax>175.19</ymax>
        </bndbox>
    </object>
</annotation>
