<annotation>
    <folder>coco2VOC</folder>
    <filename>Target--84-_jpg.rf.91293ed8dd6181cdaaf6a942438e9ee2.jpg</filename>
    <path>C:\Downloads\tmp\coco2VOC\Target--84-_jpg.rf.91293ed8dd6181cdaaf6a942438e9ee2.jpg</path>
    <source>
        <database>Unknown</database>
    </source>
    <size>
        <width>311</width>
        <height>162</height>
        <depth>3</depth>
    </size>
    <segmented>0</segmented>
    <object>
        <name>Target-truck</name>
        <pose>Unspecified</pose>
        <truncated>0</truncated>
        <difficult>0</difficult>
        <bndbox>
            <xmin>3</xmin>
            <ymin>6</ymin>
            <xmax>303</xmax>
            <ymax>152</ymax>
        </bndbox>
    </object>
</annotation>
