<annotation>
    <folder>coco2VOC</folder>
    <filename>Target--93-_jpg.rf.53b4dd343e26b4d344a40607eb3cc522.jpg</filename>
    <path>C:\Downloads\tmp\coco2VOC\Target--93-_jpg.rf.53b4dd343e26b4d344a40607eb3cc522.jpg</path>
    <source>
        <database>Unknown</database>
    </source>
    <size>
        <width>275</width>
        <height>183</height>
        <depth>3</depth>
    </size>
    <segmented>0</segmented>
    <object>
        <name>Target-word</name>
        <pose>Unspecified</pose>
        <truncated>0</truncated>
        <difficult>0</difficult>
        <bndbox>
            <xmin>149</xmin>
            <ymin>68</ymin>
            <xmax>171</xmax>
            <ymax>77</ymax>
        </bndbox>
    </object>    <object>
        <name>Target-logo</name>
        <pose>Unspecified</pose>
        <truncated>0</truncated>
        <difficult>0</difficult>
        <bndbox>
            <xmin>193</xmin>
            <ymin>62</ymin>
            <xmax>238.49</xmax>
            <ymax>83</ymax>
        </bndbox>
    </object>    <object>
        <name>Target-truck</name>
        <pose>Unspecified</pose>
        <truncated>0</truncated>
        <difficult>0</difficult>
        <bndbox>
            <xmin>92</xmin>
            <ymin>60</ymin>
            <xmax>239</xmax>
            <ymax>96</ymax>
        </bndbox>
    </object>
</annotation>
