<annotation>
    <folder>coco2VOC</folder>
    <filename>Target--156-_jpg.rf.36caadb9fa108f1681861a37b0f30806.jpg</filename>
    <path>C:\Downloads\tmp\coco2VOC\Target--156-_jpg.rf.36caadb9fa108f1681861a37b0f30806.jpg</path>
    <source>
        <database>Unknown</database>
    </source>
    <size>
        <width>266</width>
        <height>189</height>
        <depth>3</depth>
    </size>
    <segmented>0</segmented>
    <object>
        <name>Target-truck</name>
        <pose>Unspecified</pose>
        <truncated>0</truncated>
        <difficult>0</difficult>
        <bndbox>
            <xmin>99</xmin>
            <ymin>51</ymin>
            <xmax>222</xmax>
            <ymax>162</ymax>
        </bndbox>
    </object>    <object>
        <name>Target-logo</name>
        <pose>Unspecified</pose>
        <truncated>0</truncated>
        <difficult>0</difficult>
        <bndbox>
            <xmin>137</xmin>
            <ymin>143</ymin>
            <xmax>146</xmax>
            <ymax>152</ymax>
        </bndbox>
    </object>    <object>
        <name>Target-logo</name>
        <pose>Unspecified</pose>
        <truncated>0</truncated>
        <difficult>0</difficult>
        <bndbox>
            <xmin>182</xmin>
            <ymin>143</ymin>
            <xmax>191</xmax>
            <ymax>153</ymax>
        </bndbox>
    </object>    <object>
        <name>Target-logo</name>
        <pose>Unspecified</pose>
        <truncated>0</truncated>
        <difficult>0</difficult>
        <bndbox>
            <xmin>153</xmin>
            <ymin>57</ymin>
            <xmax>215.41</xmax>
            <ymax>82.61</ymax>
        </bndbox>
    </object>    <object>
        <name>Target-word</name>
        <pose>Unspecified</pose>
        <truncated>0</truncated>
        <difficult>0</difficult>
        <bndbox>
            <xmin>155</xmin>
            <ymin>81</ymin>
            <xmax>211.29</xmax>
            <ymax>96.18</ymax>
        </bndbox>
    </object>    <object>
        <name>Target-logo</name>
        <pose>Unspecified</pose>
        <truncated>0</truncated>
        <difficult>0</difficult>
        <bndbox>
            <xmin>116</xmin>
            <ymin>60</ymin>
            <xmax>149.64</xmax>
            <ymax>128</ymax>
        </bndbox>
    </object>
</annotation>
