<annotation>
    <folder>coco2VOC</folder>
    <filename>Target--126-_jpg.rf.02b8b503b0ca5d948da12b960f6a7582.jpg</filename>
    <path>C:\Downloads\tmp\coco2VOC\Target--126-_jpg.rf.02b8b503b0ca5d948da12b960f6a7582.jpg</path>
    <source>
        <database>Unknown</database>
    </source>
    <size>
        <width>100</width>
        <height>100</height>
        <depth>3</depth>
    </size>
    <segmented>0</segmented>
    <object>
        <name>Target-logo</name>
        <pose>Unspecified</pose>
        <truncated>0</truncated>
        <difficult>0</difficult>
        <bndbox>
            <xmin>23</xmin>
            <ymin>40</ymin>
            <xmax>32</xmax>
            <ymax>52</ymax>
        </bndbox>
    </object>    <object>
        <name>Target-word</name>
        <pose>Unspecified</pose>
        <truncated>0</truncated>
        <difficult>0</difficult>
        <bndbox>
            <xmin>23</xmin>
            <ymin>40</ymin>
            <xmax>51</xmax>
            <ymax>52</ymax>
        </bndbox>
    </object>    <object>
        <name>Target-logo</name>
        <pose>Unspecified</pose>
        <truncated>0</truncated>
        <difficult>0</difficult>
        <bndbox>
            <xmin>1</xmin>
            <ymin>44</ymin>
            <xmax>6</xmax>
            <ymax>51</ymax>
        </bndbox>
    </object>    <object>
        <name>Target-truck</name>
        <pose>Unspecified</pose>
        <truncated>0</truncated>
        <difficult>0</difficult>
        <bndbox>
            <xmin>0</xmin>
            <ymin>20</ymin>
            <xmax>85</xmax>
            <ymax>84</ymax>
        </bndbox>
    </object>
</annotation>
