<annotation>
    <folder>coco2VOC</folder>
    <filename>Target--137-_jpg.rf.ec7e8f021bea7ad46adc4d75b4fa5af6.jpg</filename>
    <path>C:\Downloads\tmp\coco2VOC\Target--137-_jpg.rf.ec7e8f021bea7ad46adc4d75b4fa5af6.jpg</path>
    <source>
        <database>Unknown</database>
    </source>
    <size>
        <width>100</width>
        <height>100</height>
        <depth>3</depth>
    </size>
    <segmented>0</segmented>
    <object>
        <name>Target-logo</name>
        <pose>Unspecified</pose>
        <truncated>0</truncated>
        <difficult>0</difficult>
        <bndbox>
            <xmin>75</xmin>
            <ymin>34</ymin>
            <xmax>83</xmax>
            <ymax>48</ymax>
        </bndbox>
    </object>    <object>
        <name>Target-word</name>
        <pose>Unspecified</pose>
        <truncated>0</truncated>
        <difficult>0</difficult>
        <bndbox>
            <xmin>75</xmin>
            <ymin>34</ymin>
            <xmax>100</xmax>
            <ymax>49</ymax>
        </bndbox>
    </object>    <object>
        <name>Target-truck</name>
        <pose>Unspecified</pose>
        <truncated>0</truncated>
        <difficult>0</difficult>
        <bndbox>
            <xmin>3</xmin>
            <ymin>29</ymin>
            <xmax>100</xmax>
            <ymax>70</ymax>
        </bndbox>
    </object>
</annotation>
