<annotation>
    <folder>coco2VOC</folder>
    <filename>Target--131-_jpg.rf.aeea67a38353b3399226491ed03e43f2.jpg</filename>
    <path>C:\Downloads\tmp\coco2VOC\Target--131-_jpg.rf.aeea67a38353b3399226491ed03e43f2.jpg</path>
    <source>
        <database>Unknown</database>
    </source>
    <size>
        <width>100</width>
        <height>100</height>
        <depth>3</depth>
    </size>
    <segmented>0</segmented>
    <object>
        <name>Target-logo</name>
        <pose>Unspecified</pose>
        <truncated>0</truncated>
        <difficult>0</difficult>
        <bndbox>
            <xmin>62</xmin>
            <ymin>14</ymin>
            <xmax>100</xmax>
            <ymax>32.510000000000005</ymax>
        </bndbox>
    </object>    <object>
        <name>Target-word</name>
        <pose>Unspecified</pose>
        <truncated>0</truncated>
        <difficult>0</difficult>
        <bndbox>
            <xmin>65</xmin>
            <ymin>33</ymin>
            <xmax>100.5</xmax>
            <ymax>43.01</ymax>
        </bndbox>
    </object>    <object>
        <name>Target-logo</name>
        <pose>Unspecified</pose>
        <truncated>0</truncated>
        <difficult>0</difficult>
        <bndbox>
            <xmin>27</xmin>
            <ymin>14</ymin>
            <xmax>59.59</xmax>
            <ymax>70.96000000000001</ymax>
        </bndbox>
    </object>    <object>
        <name>Target-truck</name>
        <pose>Unspecified</pose>
        <truncated>0</truncated>
        <difficult>0</difficult>
        <bndbox>
            <xmin>8</xmin>
            <ymin>7</ymin>
            <xmax>100</xmax>
            <ymax>95</ymax>
        </bndbox>
    </object>
</annotation>
