<annotation>
    <folder>coco2VOC</folder>
    <filename>Target--85-_jpg.rf.002c3150f4a02bbbdb142e8fcddb84b3.jpg</filename>
    <path>C:\Downloads\tmp\coco2VOC\Target--85-_jpg.rf.002c3150f4a02bbbdb142e8fcddb84b3.jpg</path>
    <source>
        <database>Unknown</database>
    </source>
    <size>
        <width>261</width>
        <height>193</height>
        <depth>3</depth>
    </size>
    <segmented>0</segmented>
    <object>
        <name>Target-truck</name>
        <pose>Unspecified</pose>
        <truncated>0</truncated>
        <difficult>0</difficult>
        <bndbox>
            <xmin>32</xmin>
            <ymin>85</ymin>
            <xmax>252</xmax>
            <ymax>121</ymax>
        </bndbox>
    </object>    <object>
        <name>Target-logo</name>
        <pose>Unspecified</pose>
        <truncated>0</truncated>
        <difficult>0</difficult>
        <bndbox>
            <xmin>65</xmin>
            <ymin>88</ymin>
            <xmax>81</xmax>
            <ymax>105</ymax>
        </bndbox>
    </object>    <object>
        <name>Target-word</name>
        <pose>Unspecified</pose>
        <truncated>0</truncated>
        <difficult>0</difficult>
        <bndbox>
            <xmin>65</xmin>
            <ymin>88</ymin>
            <xmax>135</xmax>
            <ymax>106</ymax>
        </bndbox>
    </object>
</annotation>
