<annotation>
    <folder>coco2VOC</folder>
    <filename>Target--155-_jpg.rf.7a5edfcb62d812bc7290a578dfcf7810.jpg</filename>
    <path>C:\Downloads\tmp\coco2VOC\Target--155-_jpg.rf.7a5edfcb62d812bc7290a578dfcf7810.jpg</path>
    <source>
        <database>Unknown</database>
    </source>
    <size>
        <width>229</width>
        <height>220</height>
        <depth>3</depth>
    </size>
    <segmented>0</segmented>
    <object>
        <name>Target-logo</name>
        <pose>Unspecified</pose>
        <truncated>0</truncated>
        <difficult>0</difficult>
        <bndbox>
            <xmin>20</xmin>
            <ymin>157</ymin>
            <xmax>31</xmax>
            <ymax>171</ymax>
        </bndbox>
    </object>    <object>
        <name>Target-logo</name>
        <pose>Unspecified</pose>
        <truncated>0</truncated>
        <difficult>0</difficult>
        <bndbox>
            <xmin>142</xmin>
            <ymin>76</ymin>
            <xmax>149</xmax>
            <ymax>91</ymax>
        </bndbox>
    </object>    <object>
        <name>Target-word</name>
        <pose>Unspecified</pose>
        <truncated>0</truncated>
        <difficult>0</difficult>
        <bndbox>
            <xmin>142</xmin>
            <ymin>75</ymin>
            <xmax>161</xmax>
            <ymax>92</ymax>
        </bndbox>
    </object>    <object>
        <name>Target-truck</name>
        <pose>Unspecified</pose>
        <truncated>0</truncated>
        <difficult>0</difficult>
        <bndbox>
            <xmin>0</xmin>
            <ymin>18</ymin>
            <xmax>171</xmax>
            <ymax>179</ymax>
        </bndbox>
    </object>
</annotation>
