<annotation>
    <folder>coco2VOC</folder>
    <filename>Target--177-_jpg.rf.9fe2e3228c771ddb05f6feb5ebc59ed9.jpg</filename>
    <path>C:\Downloads\tmp\coco2VOC\Target--177-_jpg.rf.9fe2e3228c771ddb05f6feb5ebc59ed9.jpg</path>
    <source>
        <database>Unknown</database>
    </source>
    <size>
        <width>285</width>
        <height>177</height>
        <depth>3</depth>
    </size>
    <segmented>0</segmented>
    <object>
        <name>Target-word</name>
        <pose>Unspecified</pose>
        <truncated>0</truncated>
        <difficult>0</difficult>
        <bndbox>
            <xmin>131</xmin>
            <ymin>58</ymin>
            <xmax>168</xmax>
            <ymax>85</ymax>
        </bndbox>
    </object>    <object>
        <name>Target-truck</name>
        <pose>Unspecified</pose>
        <truncated>0</truncated>
        <difficult>0</difficult>
        <bndbox>
            <xmin>40</xmin>
            <ymin>19</ymin>
            <xmax>225.5</xmax>
            <ymax>149</ymax>
        </bndbox>
    </object>
</annotation>
