<annotation>
    <folder>coco2VOC</folder>
    <filename>Target--36-_jpg.rf.64a6ecdcdbfdaa2656516ac2e84919ac.jpg</filename>
    <path>C:\Downloads\tmp\coco2VOC\Target--36-_jpg.rf.64a6ecdcdbfdaa2656516ac2e84919ac.jpg</path>
    <source>
        <database>Unknown</database>
    </source>
    <size>
        <width>1600</width>
        <height>1155</height>
        <depth>3</depth>
    </size>
    <segmented>0</segmented>
    <object>
        <name>Target-word</name>
        <pose>Unspecified</pose>
        <truncated>0</truncated>
        <difficult>0</difficult>
        <bndbox>
            <xmin>328</xmin>
            <ymin>433</ymin>
            <xmax>832</xmax>
            <ymax>588</ymax>
        </bndbox>
    </object>    <object>
        <name>Target-logo</name>
        <pose>Unspecified</pose>
        <truncated>0</truncated>
        <difficult>0</difficult>
        <bndbox>
            <xmin>333</xmin>
            <ymin>438</ymin>
            <xmax>483</xmax>
            <ymax>591</ymax>
        </bndbox>
    </object>    <object>
        <name>Target-truck</name>
        <pose>Unspecified</pose>
        <truncated>0</truncated>
        <difficult>0</difficult>
        <bndbox>
            <xmin>0</xmin>
            <ymin>238</ymin>
            <xmax>1444</xmax>
            <ymax>840</ymax>
        </bndbox>
    </object>
</annotation>
