<annotation>
    <folder>coco2VOC</folder>
    <filename>Target--21-_jpg.rf.8267d826d193de0d1766167dc1a0d10f.jpg</filename>
    <path>C:\Downloads\tmp\coco2VOC\Target--21-_jpg.rf.8267d826d193de0d1766167dc1a0d10f.jpg</path>
    <source>
        <database>Unknown</database>
    </source>
    <size>
        <width>4608</width>
        <height>2592</height>
        <depth>3</depth>
    </size>
    <segmented>0</segmented>
    <object>
        <name>Target-word</name>
        <pose>Unspecified</pose>
        <truncated>0</truncated>
        <difficult>0</difficult>
        <bndbox>
            <xmin>1437</xmin>
            <ymin>1000</ymin>
            <xmax>1740</xmax>
            <ymax>1232</ymax>
        </bndbox>
    </object>    <object>
        <name>Target-logo</name>
        <pose>Unspecified</pose>
        <truncated>0</truncated>
        <difficult>0</difficult>
        <bndbox>
            <xmin>1437</xmin>
            <ymin>995</ymin>
            <xmax>1540</xmax>
            <ymax>1240</ymax>
        </bndbox>
    </object>    <object>
        <name>Target-truck</name>
        <pose>Unspecified</pose>
        <truncated>0</truncated>
        <difficult>0</difficult>
        <bndbox>
            <xmin>395</xmin>
            <ymin>338</ymin>
            <xmax>4270</xmax>
            <ymax>1970</ymax>
        </bndbox>
    </object>    <object>
        <name>Target-logo</name>
        <pose>Unspecified</pose>
        <truncated>0</truncated>
        <difficult>0</difficult>
        <bndbox>
            <xmin>3647</xmin>
            <ymin>1725</ymin>
            <xmax>3777</xmax>
            <ymax>1846</ymax>
        </bndbox>
    </object>    <object>
        <name>Target-logo</name>
        <pose>Unspecified</pose>
        <truncated>0</truncated>
        <difficult>0</difficult>
        <bndbox>
            <xmin>3002</xmin>
            <ymin>1720</ymin>
            <xmax>3143</xmax>
            <ymax>1859</ymax>
        </bndbox>
    </object>    <object>
        <name>Target-word</name>
        <pose>Unspecified</pose>
        <truncated>0</truncated>
        <difficult>0</difficult>
        <bndbox>
            <xmin>3642</xmin>
            <ymin>1720</ymin>
            <xmax>3778</xmax>
            <ymax>1895</ymax>
        </bndbox>
    </object>    <object>
        <name>Target-word</name>
        <pose>Unspecified</pose>
        <truncated>0</truncated>
        <difficult>0</difficult>
        <bndbox>
            <xmin>2987</xmin>
            <ymin>1715</ymin>
            <xmax>3157</xmax>
            <ymax>1918</ymax>
        </bndbox>
    </object>    <object>
        <name>Target-logo</name>
        <pose>Unspecified</pose>
        <truncated>0</truncated>
        <difficult>0</difficult>
        <bndbox>
            <xmin>3422</xmin>
            <ymin>420</ymin>
            <xmax>4229.53</xmax>
            <ymax>825.95</ymax>
        </bndbox>
    </object>    <object>
        <name>Target-word</name>
        <pose>Unspecified</pose>
        <truncated>0</truncated>
        <difficult>0</difficult>
        <bndbox>
            <xmin>3432</xmin>
            <ymin>800</ymin>
            <xmax>4190</xmax>
            <ymax>1031</ymax>
        </bndbox>
    </object>    <object>
        <name>Target-logo</name>
        <pose>Unspecified</pose>
        <truncated>0</truncated>
        <difficult>0</difficult>
        <bndbox>
            <xmin>2085</xmin>
            <ymin>415</ymin>
            <xmax>3341.54</xmax>
            <ymax>1484</ymax>
        </bndbox>
    </object>
</annotation>
