<annotation>
    <folder>coco2VOC</folder>
    <filename>UPS-127-_jpg.rf.b00d1fb5ce38c9ad2511ceaec566521a.jpg</filename>
    <path>C:\Downloads\tmp\coco2VOC\UPS-127-_jpg.rf.b00d1fb5ce38c9ad2511ceaec566521a.jpg</path>
    <source>
        <database>Unknown</database>
    </source>
    <size>
        <width>3508</width>
        <height>2480</height>
        <depth>3</depth>
    </size>
    <segmented>0</segmented>
    <object>
        <name>UPS-logo</name>
        <pose>Unspecified</pose>
        <truncated>0</truncated>
        <difficult>0</difficult>
        <bndbox>
            <xmin>1879</xmin>
            <ymin>1437</ymin>
            <xmax>2022</xmax>
            <ymax>1603</ymax>
        </bndbox>
    </object>    <object>
        <name>UPS-logo</name>
        <pose>Unspecified</pose>
        <truncated>0</truncated>
        <difficult>0</difficult>
        <bndbox>
            <xmin>877</xmin>
            <ymin>1177</ymin>
            <xmax>2801</xmax>
            <ymax>2142</ymax>
        </bndbox>
    </object>    <object>
        <name>UPS-logo</name>
        <pose>Unspecified</pose>
        <truncated>0</truncated>
        <difficult>0</difficult>
        <bndbox>
            <xmin>87</xmin>
            <ymin>55</ymin>
            <xmax>326</xmax>
            <ymax>316</ymax>
        </bndbox>
    </object>
</annotation>
