<annotation>
    <folder>coco2VOC</folder>
    <filename>UPS-128-_jpg.rf.1dd888c6303c3b15cf40d5cf859b8170.jpg</filename>
    <path>C:\Downloads\tmp\coco2VOC\UPS-128-_jpg.rf.1dd888c6303c3b15cf40d5cf859b8170.jpg</path>
    <source>
        <database>Unknown</database>
    </source>
    <size>
        <width>1200</width>
        <height>675</height>
        <depth>3</depth>
    </size>
    <segmented>0</segmented>
    <object>
        <name>UPS-logo</name>
        <pose>Unspecified</pose>
        <truncated>0</truncated>
        <difficult>0</difficult>
        <bndbox>
            <xmin>687</xmin>
            <ymin>165</ymin>
            <xmax>727</xmax>
            <ymax>236</ymax>
        </bndbox>
    </object>    <object>
        <name>UPS-logo</name>
        <pose>Unspecified</pose>
        <truncated>0</truncated>
        <difficult>0</difficult>
        <bndbox>
            <xmin>199</xmin>
            <ymin>162</ymin>
            <xmax>250</xmax>
            <ymax>246</ymax>
        </bndbox>
    </object>    <object>
        <name>UPS-van</name>
        <pose>Unspecified</pose>
        <truncated>0</truncated>
        <difficult>0</difficult>
        <bndbox>
            <xmin>51</xmin>
            <ymin>60</ymin>
            <xmax>840</xmax>
            <ymax>474</ymax>
        </bndbox>
    </object>
</annotation>
