<annotation>
    <folder>coco2VOC</folder>
    <filename>UPS-134-_jpg.rf.c2d0768b6e58f29c27b730d5f5525050.jpg</filename>
    <path>C:\Downloads\tmp\coco2VOC\UPS-134-_jpg.rf.c2d0768b6e58f29c27b730d5f5525050.jpg</path>
    <source>
        <database>Unknown</database>
    </source>
    <size>
        <width>1300</width>
        <height>1065</height>
        <depth>3</depth>
    </size>
    <segmented>0</segmented>
    <object>
        <name>UPS-logo</name>
        <pose>Unspecified</pose>
        <truncated>0</truncated>
        <difficult>0</difficult>
        <bndbox>
            <xmin>436</xmin>
            <ymin>375</ymin>
            <xmax>504</xmax>
            <ymax>508</ymax>
        </bndbox>
    </object>    <object>
        <name>UPS-van</name>
        <pose>Unspecified</pose>
        <truncated>0</truncated>
        <difficult>0</difficult>
        <bndbox>
            <xmin>208</xmin>
            <ymin>193</ymin>
            <xmax>1165</xmax>
            <ymax>892</ymax>
        </bndbox>
    </object>
</annotation>
