<annotation>
    <folder>coco2VOC</folder>
    <filename>UPS-65-_jpg.rf.6f73396d9dde37dcfbb1521fbf0fed5f.jpg</filename>
    <path>C:\Downloads\tmp\coco2VOC\UPS-65-_jpg.rf.6f73396d9dde37dcfbb1521fbf0fed5f.jpg</path>
    <source>
        <database>Unknown</database>
    </source>
    <size>
        <width>1768</width>
        <height>1089</height>
        <depth>3</depth>
    </size>
    <segmented>0</segmented>
    <object>
        <name>UPS-logo</name>
        <pose>Unspecified</pose>
        <truncated>0</truncated>
        <difficult>0</difficult>
        <bndbox>
            <xmin>928</xmin>
            <ymin>378</ymin>
            <xmax>1079</xmax>
            <ymax>553</ymax>
        </bndbox>
    </object>    <object>
        <name>UPS-van</name>
        <pose>Unspecified</pose>
        <truncated>0</truncated>
        <difficult>0</difficult>
        <bndbox>
            <xmin>61</xmin>
            <ymin>155</ymin>
            <xmax>1729</xmax>
            <ymax>1015</ymax>
        </bndbox>
    </object>
</annotation>
