<annotation>
    <folder>coco2VOC</folder>
    <filename>UPS-17-_jpg.rf.ddd748ce1ef64aa8ceb0ac47170fa0bf.jpg</filename>
    <path>C:\Downloads\tmp\coco2VOC\UPS-17-_jpg.rf.ddd748ce1ef64aa8ceb0ac47170fa0bf.jpg</path>
    <source>
        <database>Unknown</database>
    </source>
    <size>
        <width>400</width>
        <height>197</height>
        <depth>3</depth>
    </size>
    <segmented>0</segmented>
    <object>
        <name>UPS-van</name>
        <pose>Unspecified</pose>
        <truncated>0</truncated>
        <difficult>0</difficult>
        <bndbox>
            <xmin>10</xmin>
            <ymin>34</ymin>
            <xmax>377</xmax>
            <ymax>181</ymax>
        </bndbox>
    </object>    <object>
        <name>UPS-logo</name>
        <pose>Unspecified</pose>
        <truncated>0</truncated>
        <difficult>0</difficult>
        <bndbox>
            <xmin>187</xmin>
            <ymin>49</ymin>
            <xmax>217</xmax>
            <ymax>83</ymax>
        </bndbox>
    </object>
</annotation>
