<annotation>
    <folder>coco2VOC</folder>
    <filename>UPS-47-_jpg.rf.cb88c7d5fe4ef145c06f0202a6cf6c90.jpg</filename>
    <path>C:\Downloads\tmp\coco2VOC\UPS-47-_jpg.rf.cb88c7d5fe4ef145c06f0202a6cf6c90.jpg</path>
    <source>
        <database>Unknown</database>
    </source>
    <size>
        <width>1024</width>
        <height>768</height>
        <depth>3</depth>
    </size>
    <segmented>0</segmented>
    <object>
        <name>UPS-logo</name>
        <pose>Unspecified</pose>
        <truncated>0</truncated>
        <difficult>0</difficult>
        <bndbox>
            <xmin>557</xmin>
            <ymin>360</ymin>
            <xmax>605</xmax>
            <ymax>422</ymax>
        </bndbox>
    </object>    <object>
        <name>UPS-logo</name>
        <pose>Unspecified</pose>
        <truncated>0</truncated>
        <difficult>0</difficult>
        <bndbox>
            <xmin>224</xmin>
            <ymin>419</ymin>
            <xmax>253</xmax>
            <ymax>461</ymax>
        </bndbox>
    </object>    <object>
        <name>UPS-van</name>
        <pose>Unspecified</pose>
        <truncated>0</truncated>
        <difficult>0</difficult>
        <bndbox>
            <xmin>205</xmin>
            <ymin>280</ymin>
            <xmax>984</xmax>
            <ymax>615</ymax>
        </bndbox>
    </object>    <object>
        <name>UPS-van</name>
        <pose>Unspecified</pose>
        <truncated>0</truncated>
        <difficult>0</difficult>
        <bndbox>
            <xmin>37</xmin>
            <ymin>379</ymin>
            <xmax>614</xmax>
            <ymax>625</ymax>
        </bndbox>
    </object>
</annotation>
