<annotation>
    <folder>coco2VOC</folder>
    <filename>UPS-5-_jpg.rf.5dac251aa1a995ae5238a793c35b4d5f.jpg</filename>
    <path>C:\Downloads\tmp\coco2VOC\UPS-5-_jpg.rf.5dac251aa1a995ae5238a793c35b4d5f.jpg</path>
    <source>
        <database>Unknown</database>
    </source>
    <size>
        <width>612</width>
        <height>414</height>
        <depth>3</depth>
    </size>
    <segmented>0</segmented>
    <object>
        <name>UPS-logo</name>
        <pose>Unspecified</pose>
        <truncated>0</truncated>
        <difficult>0</difficult>
        <bndbox>
            <xmin>241</xmin>
            <ymin>149</ymin>
            <xmax>272</xmax>
            <ymax>219</ymax>
        </bndbox>
    </object>    <object>
        <name>UPS-van</name>
        <pose>Unspecified</pose>
        <truncated>0</truncated>
        <difficult>0</difficult>
        <bndbox>
            <xmin>42</xmin>
            <ymin>52</ymin>
            <xmax>611</xmax>
            <ymax>374</ymax>
        </bndbox>
    </object>
</annotation>
