<annotation>
    <folder>coco2VOC</folder>
    <filename>UPS-85-_jpg.rf.0c19d808c79902536bff065a4ef3262b.jpg</filename>
    <path>C:\Downloads\tmp\coco2VOC\UPS-85-_jpg.rf.0c19d808c79902536bff065a4ef3262b.jpg</path>
    <source>
        <database>Unknown</database>
    </source>
    <size>
        <width>3264</width>
        <height>2448</height>
        <depth>3</depth>
    </size>
    <segmented>0</segmented>
    <object>
        <name>UPS-truck</name>
        <pose>Unspecified</pose>
        <truncated>0</truncated>
        <difficult>0</difficult>
        <bndbox>
            <xmin>85</xmin>
            <ymin>427</ymin>
            <xmax>3100</xmax>
            <ymax>1703</ymax>
        </bndbox>
    </object>    <object>
        <name>UPS-logo</name>
        <pose>Unspecified</pose>
        <truncated>0</truncated>
        <difficult>0</difficult>
        <bndbox>
            <xmin>1721</xmin>
            <ymin>793</ymin>
            <xmax>1953</xmax>
            <ymax>1076</ymax>
        </bndbox>
    </object>
</annotation>
