<annotation>
    <folder>coco2VOC</folder>
    <filename>UPS-50-_jpg.rf.1597884d9ce096b43ec0fc4bd295bf73.jpg</filename>
    <path>C:\Downloads\tmp\coco2VOC\UPS-50-_jpg.rf.1597884d9ce096b43ec0fc4bd295bf73.jpg</path>
    <source>
        <database>Unknown</database>
    </source>
    <size>
        <width>1200</width>
        <height>675</height>
        <depth>3</depth>
    </size>
    <segmented>0</segmented>
    <object>
        <name>UPS-logo</name>
        <pose>Unspecified</pose>
        <truncated>0</truncated>
        <difficult>0</difficult>
        <bndbox>
            <xmin>209</xmin>
            <ymin>137</ymin>
            <xmax>259</xmax>
            <ymax>247</ymax>
        </bndbox>
    </object>    <object>
        <name>UPS-van</name>
        <pose>Unspecified</pose>
        <truncated>0</truncated>
        <difficult>0</difficult>
        <bndbox>
            <xmin>66</xmin>
            <ymin>0</ymin>
            <xmax>833</xmax>
            <ymax>665</ymax>
        </bndbox>
    </object>
</annotation>
