<annotation>
    <folder>coco2VOC</folder>
    <filename>UPS-104-_jpg.rf.419bbe9c7429510cdb4e433d9be51c60.jpg</filename>
    <path>C:\Downloads\tmp\coco2VOC\UPS-104-_jpg.rf.419bbe9c7429510cdb4e433d9be51c60.jpg</path>
    <source>
        <database>Unknown</database>
    </source>
    <size>
        <width>1170</width>
        <height>550</height>
        <depth>3</depth>
    </size>
    <segmented>0</segmented>
    <object>
        <name>UPS-logo</name>
        <pose>Unspecified</pose>
        <truncated>0</truncated>
        <difficult>0</difficult>
        <bndbox>
            <xmin>853</xmin>
            <ymin>86</ymin>
            <xmax>894</xmax>
            <ymax>222</ymax>
        </bndbox>
    </object>    <object>
        <name>UPS-van</name>
        <pose>Unspecified</pose>
        <truncated>0</truncated>
        <difficult>0</difficult>
        <bndbox>
            <xmin>371</xmin>
            <ymin>4</ymin>
            <xmax>1077</xmax>
            <ymax>513</ymax>
        </bndbox>
    </object>
</annotation>
