<annotation>
    <folder>coco2VOC</folder>
    <filename>UPS-109-_jpg.rf.6a7e4eecd91f648ff39efd65011060bc.jpg</filename>
    <path>C:\Downloads\tmp\coco2VOC\UPS-109-_jpg.rf.6a7e4eecd91f648ff39efd65011060bc.jpg</path>
    <source>
        <database>Unknown</database>
    </source>
    <size>
        <width>2250</width>
        <height>1818</height>
        <depth>3</depth>
    </size>
    <segmented>0</segmented>
    <object>
        <name>UPS-logo</name>
        <pose>Unspecified</pose>
        <truncated>0</truncated>
        <difficult>0</difficult>
        <bndbox>
            <xmin>1128</xmin>
            <ymin>653</ymin>
            <xmax>1284</xmax>
            <ymax>856</ymax>
        </bndbox>
    </object>    <object>
        <name>UPS-Van</name>
        <pose>Unspecified</pose>
        <truncated>0</truncated>
        <difficult>0</difficult>
        <bndbox>
            <xmin>195</xmin>
            <ymin>357</ymin>
            <xmax>2217</xmax>
            <ymax>1260</ymax>
        </bndbox>
    </object>
</annotation>
