<annotation>
    <folder>coco2VOC</folder>
    <filename>UPS-101-_jpg.rf.3a452aa20f24e6d6f488a487320d3cef.jpg</filename>
    <path>C:\Downloads\tmp\coco2VOC\UPS-101-_jpg.rf.3a452aa20f24e6d6f488a487320d3cef.jpg</path>
    <source>
        <database>Unknown</database>
    </source>
    <size>
        <width>1024</width>
        <height>531</height>
        <depth>3</depth>
    </size>
    <segmented>0</segmented>
    <object>
        <name>UPS-logo</name>
        <pose>Unspecified</pose>
        <truncated>0</truncated>
        <difficult>0</difficult>
        <bndbox>
            <xmin>583</xmin>
            <ymin>212</ymin>
            <xmax>671</xmax>
            <ymax>313</ymax>
        </bndbox>
    </object>    <object>
        <name>UPS-van</name>
        <pose>Unspecified</pose>
        <truncated>0</truncated>
        <difficult>0</difficult>
        <bndbox>
            <xmin>1</xmin>
            <ymin>74</ymin>
            <xmax>1011</xmax>
            <ymax>506</ymax>
        </bndbox>
    </object>
</annotation>
