<annotation>
    <folder>coco2VOC</folder>
    <filename>UPS-82-_jpg.rf.50b359c83bdf8ff49f2821b75f1e4c8f.jpg</filename>
    <path>C:\Downloads\tmp\coco2VOC\UPS-82-_jpg.rf.50b359c83bdf8ff49f2821b75f1e4c8f.jpg</path>
    <source>
        <database>Unknown</database>
    </source>
    <size>
        <width>1024</width>
        <height>539</height>
        <depth>3</depth>
    </size>
    <segmented>0</segmented>
    <object>
        <name>UPS-logo</name>
        <pose>Unspecified</pose>
        <truncated>0</truncated>
        <difficult>0</difficult>
        <bndbox>
            <xmin>477</xmin>
            <ymin>271</ymin>
            <xmax>525</xmax>
            <ymax>329</ymax>
        </bndbox>
    </object>    <object>
        <name>UPS-van</name>
        <pose>Unspecified</pose>
        <truncated>0</truncated>
        <difficult>0</difficult>
        <bndbox>
            <xmin>192</xmin>
            <ymin>206</ymin>
            <xmax>736</xmax>
            <ymax>456</ymax>
        </bndbox>
    </object>
</annotation>
