<annotation>
    <folder>coco2VOC</folder>
    <filename>UPS-1-_jpg.rf.3a25bc6923c3f879f0a79c7da4859d0a.jpg</filename>
    <path>C:\Downloads\tmp\coco2VOC\UPS-1-_jpg.rf.3a25bc6923c3f879f0a79c7da4859d0a.jpg</path>
    <source>
        <database>Unknown</database>
    </source>
    <size>
        <width>800</width>
        <height>533</height>
        <depth>3</depth>
    </size>
    <segmented>0</segmented>
    <object>
        <name>UPS-van</name>
        <pose>Unspecified</pose>
        <truncated>0</truncated>
        <difficult>0</difficult>
        <bndbox>
            <xmin>10</xmin>
            <ymin>0</ymin>
            <xmax>798</xmax>
            <ymax>533</ymax>
        </bndbox>
    </object>    <object>
        <name>UPS-logo</name>
        <pose>Unspecified</pose>
        <truncated>0</truncated>
        <difficult>0</difficult>
        <bndbox>
            <xmin>262</xmin>
            <ymin>24</ymin>
            <xmax>347</xmax>
            <ymax>154</ymax>
        </bndbox>
    </object>
</annotation>
