<annotation>
    <folder>coco2VOC</folder>
    <filename>UPS-97-_jpg.rf.1df5f63e9909b06ad457934c85d9d23c.jpg</filename>
    <path>C:\Downloads\tmp\coco2VOC\UPS-97-_jpg.rf.1df5f63e9909b06ad457934c85d9d23c.jpg</path>
    <source>
        <database>Unknown</database>
    </source>
    <size>
        <width>1000</width>
        <height>527</height>
        <depth>3</depth>
    </size>
    <segmented>0</segmented>
    <object>
        <name>UPS-logo</name>
        <pose>Unspecified</pose>
        <truncated>0</truncated>
        <difficult>0</difficult>
        <bndbox>
            <xmin>460</xmin>
            <ymin>131</ymin>
            <xmax>514</xmax>
            <ymax>198</ymax>
        </bndbox>
    </object>    <object>
        <name>UPS-van</name>
        <pose>Unspecified</pose>
        <truncated>0</truncated>
        <difficult>0</difficult>
        <bndbox>
            <xmin>154</xmin>
            <ymin>3</ymin>
            <xmax>997</xmax>
            <ymax>471</ymax>
        </bndbox>
    </object>    <object>
        <name>UPS-logo</name>
        <pose>Unspecified</pose>
        <truncated>0</truncated>
        <difficult>0</difficult>
        <bndbox>
            <xmin>246</xmin>
            <ymin>369</ymin>
            <xmax>258</xmax>
            <ymax>383</ymax>
        </bndbox>
    </object>    <object>
        <name>UPS-logo</name>
        <pose>Unspecified</pose>
        <truncated>0</truncated>
        <difficult>0</difficult>
        <bndbox>
            <xmin>253</xmin>
            <ymin>405</ymin>
            <xmax>267</xmax>
            <ymax>423</ymax>
        </bndbox>
    </object>    <object>
        <name>UPS-logo</name>
        <pose>Unspecified</pose>
        <truncated>0</truncated>
        <difficult>0</difficult>
        <bndbox>
            <xmin>598</xmin>
            <ymin>414</ymin>
            <xmax>613</xmax>
            <ymax>429</ymax>
        </bndbox>
    </object>    <object>
        <name>UPS-logo</name>
        <pose>Unspecified</pose>
        <truncated>0</truncated>
        <difficult>0</difficult>
        <bndbox>
            <xmin>605</xmin>
            <ymin>449</ymin>
            <xmax>623</xmax>
            <ymax>470</ymax>
        </bndbox>
    </object>
</annotation>
