<annotation>
    <folder>coco2VOC</folder>
    <filename>UPS-51-_jpg.rf.b1198ddf6390e730654cb5f5ead7bcc6.jpg</filename>
    <path>C:\Downloads\tmp\coco2VOC\UPS-51-_jpg.rf.b1198ddf6390e730654cb5f5ead7bcc6.jpg</path>
    <source>
        <database>Unknown</database>
    </source>
    <size>
        <width>1024</width>
        <height>576</height>
        <depth>3</depth>
    </size>
    <segmented>0</segmented>
    <object>
        <name>UPS-logo</name>
        <pose>Unspecified</pose>
        <truncated>0</truncated>
        <difficult>0</difficult>
        <bndbox>
            <xmin>131</xmin>
            <ymin>200</ymin>
            <xmax>215</xmax>
            <ymax>313</ymax>
        </bndbox>
    </object>    <object>
        <name>UPS-logo</name>
        <pose>Unspecified</pose>
        <truncated>0</truncated>
        <difficult>0</difficult>
        <bndbox>
            <xmin>842</xmin>
            <ymin>261</ymin>
            <xmax>915</xmax>
            <ymax>347</ymax>
        </bndbox>
    </object>    <object>
        <name>UPS-van</name>
        <pose>Unspecified</pose>
        <truncated>0</truncated>
        <difficult>0</difficult>
        <bndbox>
            <xmin>0</xmin>
            <ymin>51</ymin>
            <xmax>843</xmax>
            <ymax>576</ymax>
        </bndbox>
    </object>
</annotation>
