<annotation>
    <folder>coco2VOC</folder>
    <filename>UPS-132-_jpg.rf.28b9c2608b6be8d192c25dc95229064c.jpg</filename>
    <path>C:\Downloads\tmp\coco2VOC\UPS-132-_jpg.rf.28b9c2608b6be8d192c25dc95229064c.jpg</path>
    <source>
        <database>Unknown</database>
    </source>
    <size>
        <width>1024</width>
        <height>522</height>
        <depth>3</depth>
    </size>
    <segmented>0</segmented>
    <object>
        <name>UPS-logo</name>
        <pose>Unspecified</pose>
        <truncated>0</truncated>
        <difficult>0</difficult>
        <bndbox>
            <xmin>655</xmin>
            <ymin>305</ymin>
            <xmax>734</xmax>
            <ymax>396</ymax>
        </bndbox>
    </object>    <object>
        <name>UPS-van</name>
        <pose>Unspecified</pose>
        <truncated>0</truncated>
        <difficult>0</difficult>
        <bndbox>
            <xmin>307</xmin>
            <ymin>206</ymin>
            <xmax>1022</xmax>
            <ymax>522</ymax>
        </bndbox>
    </object>
</annotation>
