<annotation>
    <folder>coco2VOC</folder>
    <filename>UPS-68-_jpg.rf.6550c400e98557a47f0a15c88c21e94e.jpg</filename>
    <path>C:\Downloads\tmp\coco2VOC\UPS-68-_jpg.rf.6550c400e98557a47f0a15c88c21e94e.jpg</path>
    <source>
        <database>Unknown</database>
    </source>
    <size>
        <width>1200</width>
        <height>603</height>
        <depth>3</depth>
    </size>
    <segmented>0</segmented>
    <object>
        <name>UPS-logo</name>
        <pose>Unspecified</pose>
        <truncated>0</truncated>
        <difficult>0</difficult>
        <bndbox>
            <xmin>755</xmin>
            <ymin>211</ymin>
            <xmax>811</xmax>
            <ymax>287</ymax>
        </bndbox>
    </object>    <object>
        <name>UPS-van</name>
        <pose>Unspecified</pose>
        <truncated>0</truncated>
        <difficult>0</difficult>
        <bndbox>
            <xmin>328</xmin>
            <ymin>104</ymin>
            <xmax>1125</xmax>
            <ymax>531</ymax>
        </bndbox>
    </object>
</annotation>
