<annotation>
    <folder>coco2VOC</folder>
    <filename>UPS-129-_jpg.rf.4568794d97d19f57db161655026eea59.jpg</filename>
    <path>C:\Downloads\tmp\coco2VOC\UPS-129-_jpg.rf.4568794d97d19f57db161655026eea59.jpg</path>
    <source>
        <database>Unknown</database>
    </source>
    <size>
        <width>300</width>
        <height>200</height>
        <depth>3</depth>
    </size>
    <segmented>0</segmented>
    <object>
        <name>UPS-logo</name>
        <pose>Unspecified</pose>
        <truncated>0</truncated>
        <difficult>0</difficult>
        <bndbox>
            <xmin>269</xmin>
            <ymin>61</ymin>
            <xmax>278</xmax>
            <ymax>81</ymax>
        </bndbox>
    </object>    <object>
        <name>UPS-logo</name>
        <pose>Unspecified</pose>
        <truncated>0</truncated>
        <difficult>0</difficult>
        <bndbox>
            <xmin>126</xmin>
            <ymin>73</ymin>
            <xmax>148</xmax>
            <ymax>102</ymax>
        </bndbox>
    </object>    <object>
        <name>UPS-van</name>
        <pose>Unspecified</pose>
        <truncated>0</truncated>
        <difficult>0</difficult>
        <bndbox>
            <xmin>39</xmin>
            <ymin>34</ymin>
            <xmax>300</xmax>
            <ymax>165</ymax>
        </bndbox>
    </object>
</annotation>
