<annotation>
    <folder>coco2VOC</folder>
    <filename>UPS-48-_jpg.rf.0866602ccf0eaa0dcd824f0035f97f20.jpg</filename>
    <path>C:\Downloads\tmp\coco2VOC\UPS-48-_jpg.rf.0866602ccf0eaa0dcd824f0035f97f20.jpg</path>
    <source>
        <database>Unknown</database>
    </source>
    <size>
        <width>3648</width>
        <height>2736</height>
        <depth>3</depth>
    </size>
    <segmented>0</segmented>
    <object>
        <name>UPS-logo</name>
        <pose>Unspecified</pose>
        <truncated>0</truncated>
        <difficult>0</difficult>
        <bndbox>
            <xmin>2922</xmin>
            <ymin>855</ymin>
            <xmax>3311</xmax>
            <ymax>1421</ymax>
        </bndbox>
    </object>    <object>
        <name>UPS-van</name>
        <pose>Unspecified</pose>
        <truncated>0</truncated>
        <difficult>0</difficult>
        <bndbox>
            <xmin>182</xmin>
            <ymin>170</ymin>
            <xmax>3648</xmax>
            <ymax>2736</ymax>
        </bndbox>
    </object>
</annotation>
