<annotation>
    <folder>coco2VOC</folder>
    <filename>UPS-37-_jpg.rf.410929f4404dc77ef8949cf975d63d4b.jpg</filename>
    <path>C:\Downloads\tmp\coco2VOC\UPS-37-_jpg.rf.410929f4404dc77ef8949cf975d63d4b.jpg</path>
    <source>
        <database>Unknown</database>
    </source>
    <size>
        <width>2900</width>
        <height>2900</height>
        <depth>3</depth>
    </size>
    <segmented>0</segmented>
    <object>
        <name>UPS-logo</name>
        <pose>Unspecified</pose>
        <truncated>0</truncated>
        <difficult>0</difficult>
        <bndbox>
            <xmin>1714</xmin>
            <ymin>860</ymin>
            <xmax>1905</xmax>
            <ymax>1205</ymax>
        </bndbox>
    </object>    <object>
        <name>UPS-van</name>
        <pose>Unspecified</pose>
        <truncated>0</truncated>
        <difficult>0</difficult>
        <bndbox>
            <xmin>294</xmin>
            <ymin>380</ymin>
            <xmax>2696</xmax>
            <ymax>1822</ymax>
        </bndbox>
    </object>
</annotation>
