<annotation>
    <folder>coco2VOC</folder>
    <filename>UPS-34-_jpg.rf.6c27dca3b74b4d6ab3c491e17d6fe230.jpg</filename>
    <path>C:\Downloads\tmp\coco2VOC\UPS-34-_jpg.rf.6c27dca3b74b4d6ab3c491e17d6fe230.jpg</path>
    <source>
        <database>Unknown</database>
    </source>
    <size>
        <width>800</width>
        <height>534</height>
        <depth>3</depth>
    </size>
    <segmented>0</segmented>
    <object>
        <name>UPS-logo</name>
        <pose>Unspecified</pose>
        <truncated>0</truncated>
        <difficult>0</difficult>
        <bndbox>
            <xmin>310</xmin>
            <ymin>226</ymin>
            <xmax>366</xmax>
            <ymax>293</ymax>
        </bndbox>
    </object>    <object>
        <name>UPS-van</name>
        <pose>Unspecified</pose>
        <truncated>0</truncated>
        <difficult>0</difficult>
        <bndbox>
            <xmin>48</xmin>
            <ymin>173</ymin>
            <xmax>752</xmax>
            <ymax>465</ymax>
        </bndbox>
    </object>
</annotation>
