<annotation>
    <folder>coco2VOC</folder>
    <filename>UPS-20-_jpg.rf.4fb7a8cd671da29080565488ec9e4d7b.jpg</filename>
    <path>C:\Downloads\tmp\coco2VOC\UPS-20-_jpg.rf.4fb7a8cd671da29080565488ec9e4d7b.jpg</path>
    <source>
        <database>Unknown</database>
    </source>
    <size>
        <width>3680</width>
        <height>2071</height>
        <depth>3</depth>
    </size>
    <segmented>0</segmented>
    <object>
        <name>UPS-van</name>
        <pose>Unspecified</pose>
        <truncated>0</truncated>
        <difficult>0</difficult>
        <bndbox>
            <xmin>908</xmin>
            <ymin>130</ymin>
            <xmax>3120</xmax>
            <ymax>1886</ymax>
        </bndbox>
    </object>    <object>
        <name>UPS-logo</name>
        <pose>Unspecified</pose>
        <truncated>0</truncated>
        <difficult>0</difficult>
        <bndbox>
            <xmin>2141</xmin>
            <ymin>630</ymin>
            <xmax>2356</xmax>
            <ymax>909</ymax>
        </bndbox>
    </object>    <object>
        <name>UPS-logo</name>
        <pose>Unspecified</pose>
        <truncated>0</truncated>
        <difficult>0</difficult>
        <bndbox>
            <xmin>1221</xmin>
            <ymin>680</ymin>
            <xmax>1324</xmax>
            <ymax>939</ymax>
        </bndbox>
    </object>
</annotation>
