<annotation>
    <folder>coco2VOC</folder>
    <filename>USPS121_jpeg.rf.27533e323fd2d51d7fdc60af343bab3a.jpg</filename>
    <path>C:\Downloads\tmp\coco2VOC\USPS121_jpeg.rf.27533e323fd2d51d7fdc60af343bab3a.jpg</path>
    <source>
        <database>Unknown</database>
    </source>
    <size>
        <width>100</width>
        <height>100</height>
        <depth>3</depth>
    </size>
    <segmented>0</segmented>
    <object>
        <name>USPS-logo</name>
        <pose>Unspecified</pose>
        <truncated>0</truncated>
        <difficult>0</difficult>
        <bndbox>
            <xmin>62</xmin>
            <ymin>32</ymin>
            <xmax>76</xmax>
            <ymax>54</ymax>
        </bndbox>
    </object>    <object>
        <name>USPS-logo</name>
        <pose>Unspecified</pose>
        <truncated>0</truncated>
        <difficult>0</difficult>
        <bndbox>
            <xmin>17</xmin>
            <ymin>33</ymin>
            <xmax>39</xmax>
            <ymax>54</ymax>
        </bndbox>
    </object>    <object>
        <name>USPS-van</name>
        <pose>Unspecified</pose>
        <truncated>0</truncated>
        <difficult>0</difficult>
        <bndbox>
            <xmin>1</xmin>
            <ymin>12</ymin>
            <xmax>100</xmax>
            <ymax>91</ymax>
        </bndbox>
    </object>
</annotation>
