<annotation>
    <folder>coco2VOC</folder>
    <filename>USPS51_jpeg.rf.ec9fca1a9944559b3d3cb8b7ab4bfd4a.jpg</filename>
    <path>C:\Downloads\tmp\coco2VOC\USPS51_jpeg.rf.ec9fca1a9944559b3d3cb8b7ab4bfd4a.jpg</path>
    <source>
        <database>Unknown</database>
    </source>
    <size>
        <width>306</width>
        <height>165</height>
        <depth>3</depth>
    </size>
    <segmented>0</segmented>
    <object>
        <name>USPS-logo</name>
        <pose>Unspecified</pose>
        <truncated>0</truncated>
        <difficult>0</difficult>
        <bndbox>
            <xmin>183</xmin>
            <ymin>41</ymin>
            <xmax>208</xmax>
            <ymax>69</ymax>
        </bndbox>
    </object>    <object>
        <name>USPS-van</name>
        <pose>Unspecified</pose>
        <truncated>0</truncated>
        <difficult>0</difficult>
        <bndbox>
            <xmin>40</xmin>
            <ymin>22</ymin>
            <xmax>269</xmax>
            <ymax>141</ymax>
        </bndbox>
    </object>
</annotation>
