<annotation>
    <folder>coco2VOC</folder>
    <filename>USPS158_jpeg.rf.3fce5649a86b93c0701327f4ad0ddb05.jpg</filename>
    <path>C:\Downloads\tmp\coco2VOC\USPS158_jpeg.rf.3fce5649a86b93c0701327f4ad0ddb05.jpg</path>
    <source>
        <database>Unknown</database>
    </source>
    <size>
        <width>259</width>
        <height>194</height>
        <depth>3</depth>
    </size>
    <segmented>0</segmented>
    <object>
        <name>USPS-van</name>
        <pose>Unspecified</pose>
        <truncated>0</truncated>
        <difficult>0</difficult>
        <bndbox>
            <xmin>0</xmin>
            <ymin>33</ymin>
            <xmax>259</xmax>
            <ymax>184</ymax>
        </bndbox>
    </object>    <object>
        <name>USPS-logo</name>
        <pose>Unspecified</pose>
        <truncated>0</truncated>
        <difficult>0</difficult>
        <bndbox>
            <xmin>189</xmin>
            <ymin>67</ymin>
            <xmax>244</xmax>
            <ymax>104</ymax>
        </bndbox>
    </object>
</annotation>
