<annotation>
    <folder>coco2VOC</folder>
    <filename>USPS150_jpeg.rf.966a0eedc1b3385b77d6703102537f54.jpg</filename>
    <path>C:\Downloads\tmp\coco2VOC\USPS150_jpeg.rf.966a0eedc1b3385b77d6703102537f54.jpg</path>
    <source>
        <database>Unknown</database>
    </source>
    <size>
        <width>299</width>
        <height>169</height>
        <depth>3</depth>
    </size>
    <segmented>0</segmented>
    <object>
        <name>USPS-logo</name>
        <pose>Unspecified</pose>
        <truncated>0</truncated>
        <difficult>0</difficult>
        <bndbox>
            <xmin>62</xmin>
            <ymin>43</ymin>
            <xmax>91</xmax>
            <ymax>70</ymax>
        </bndbox>
    </object>    <object>
        <name>USPS-van</name>
        <pose>Unspecified</pose>
        <truncated>0</truncated>
        <difficult>0</difficult>
        <bndbox>
            <xmin>46</xmin>
            <ymin>31</ymin>
            <xmax>225</xmax>
            <ymax>134</ymax>
        </bndbox>
    </object>
</annotation>
