<annotation>
    <folder>coco2VOC</folder>
    <filename>USPS53_jpeg.rf.7b4aa0a26ecf1677cd365371be20f7ee.jpg</filename>
    <path>C:\Downloads\tmp\coco2VOC\USPS53_jpeg.rf.7b4aa0a26ecf1677cd365371be20f7ee.jpg</path>
    <source>
        <database>Unknown</database>
    </source>
    <size>
        <width>300</width>
        <height>168</height>
        <depth>3</depth>
    </size>
    <segmented>0</segmented>
    <object>
        <name>USPS-logo</name>
        <pose>Unspecified</pose>
        <truncated>0</truncated>
        <difficult>0</difficult>
        <bndbox>
            <xmin>14</xmin>
            <ymin>0</ymin>
            <xmax>40.4</xmax>
            <ymax>7.69</ymax>
        </bndbox>
    </object>    <object>
        <name>USPS-logo</name>
        <pose>Unspecified</pose>
        <truncated>0</truncated>
        <difficult>0</difficult>
        <bndbox>
            <xmin>114</xmin>
            <ymin>26</ymin>
            <xmax>150.17000000000002</xmax>
            <ymax>49.45</ymax>
        </bndbox>
    </object>    <object>
        <name>USPS-van</name>
        <pose>Unspecified</pose>
        <truncated>0</truncated>
        <difficult>0</difficult>
        <bndbox>
            <xmin>14</xmin>
            <ymin>10</ymin>
            <xmax>246.38</xmax>
            <ymax>113.9</ymax>
        </bndbox>
    </object>    <object>
        <name>USPS-van</name>
        <pose>Unspecified</pose>
        <truncated>0</truncated>
        <difficult>0</difficult>
        <bndbox>
            <xmin>144</xmin>
            <ymin>20</ymin>
            <xmax>299.63</xmax>
            <ymax>136.05</ymax>
        </bndbox>
    </object>    <object>
        <name>USPS-van</name>
        <pose>Unspecified</pose>
        <truncated>0</truncated>
        <difficult>0</difficult>
        <bndbox>
            <xmin>209</xmin>
            <ymin>32</ymin>
            <xmax>300.4</xmax>
            <ymax>147.45999999999998</ymax>
        </bndbox>
    </object>
</annotation>
