<annotation>
    <folder>coco2VOC</folder>
    <filename>USPS75_jpeg.rf.ff98c0eeab0bb81b7a290c1b2d3088f0.jpg</filename>
    <path>C:\Downloads\tmp\coco2VOC\USPS75_jpeg.rf.ff98c0eeab0bb81b7a290c1b2d3088f0.jpg</path>
    <source>
        <database>Unknown</database>
    </source>
    <size>
        <width>300</width>
        <height>168</height>
        <depth>3</depth>
    </size>
    <segmented>0</segmented>
    <object>
        <name>USPS-logo</name>
        <pose>Unspecified</pose>
        <truncated>0</truncated>
        <difficult>0</difficult>
        <bndbox>
            <xmin>233</xmin>
            <ymin>14</ymin>
            <xmax>267</xmax>
            <ymax>64</ymax>
        </bndbox>
    </object>    <object>
        <name>USPS-truck</name>
        <pose>Unspecified</pose>
        <truncated>0</truncated>
        <difficult>0</difficult>
        <bndbox>
            <xmin>46</xmin>
            <ymin>1</ymin>
            <xmax>300</xmax>
            <ymax>168</ymax>
        </bndbox>
    </object>
</annotation>
