<annotation>
    <folder>coco2VOC</folder>
    <filename>USPS93_jpeg.rf.fb1a8c45f1281e3f0756ad3ba3fd19ad.jpg</filename>
    <path>C:\Downloads\tmp\coco2VOC\USPS93_jpeg.rf.fb1a8c45f1281e3f0756ad3ba3fd19ad.jpg</path>
    <source>
        <database>Unknown</database>
    </source>
    <size>
        <width>275</width>
        <height>183</height>
        <depth>3</depth>
    </size>
    <segmented>0</segmented>
    <object>
        <name>USPS-van</name>
        <pose>Unspecified</pose>
        <truncated>0</truncated>
        <difficult>0</difficult>
        <bndbox>
            <xmin>235</xmin>
            <ymin>47</ymin>
            <xmax>275</xmax>
            <ymax>157</ymax>
        </bndbox>
    </object>    <object>
        <name>USPS-logo</name>
        <pose>Unspecified</pose>
        <truncated>0</truncated>
        <difficult>0</difficult>
        <bndbox>
            <xmin>25</xmin>
            <ymin>46</ymin>
            <xmax>47</xmax>
            <ymax>87</ymax>
        </bndbox>
    </object>    <object>
        <name>USPS-logo</name>
        <pose>Unspecified</pose>
        <truncated>0</truncated>
        <difficult>0</difficult>
        <bndbox>
            <xmin>73</xmin>
            <ymin>51</ymin>
            <xmax>94</xmax>
            <ymax>88</ymax>
        </bndbox>
    </object>    <object>
        <name>USPS-logo</name>
        <pose>Unspecified</pose>
        <truncated>0</truncated>
        <difficult>0</difficult>
        <bndbox>
            <xmin>136</xmin>
            <ymin>57</ymin>
            <xmax>154</xmax>
            <ymax>90</ymax>
        </bndbox>
    </object>    <object>
        <name>USPS-logo</name>
        <pose>Unspecified</pose>
        <truncated>0</truncated>
        <difficult>0</difficult>
        <bndbox>
            <xmin>168</xmin>
            <ymin>62</ymin>
            <xmax>182</xmax>
            <ymax>93</ymax>
        </bndbox>
    </object>    <object>
        <name>USPS-logo</name>
        <pose>Unspecified</pose>
        <truncated>0</truncated>
        <difficult>0</difficult>
        <bndbox>
            <xmin>214</xmin>
            <ymin>67</ymin>
            <xmax>228</xmax>
            <ymax>97</ymax>
        </bndbox>
    </object>    <object>
        <name>USPS-logo</name>
        <pose>Unspecified</pose>
        <truncated>0</truncated>
        <difficult>0</difficult>
        <bndbox>
            <xmin>256</xmin>
            <ymin>69</ymin>
            <xmax>266</xmax>
            <ymax>98</ymax>
        </bndbox>
    </object>    <object>
        <name>USPS-van</name>
        <pose>Unspecified</pose>
        <truncated>0</truncated>
        <difficult>0</difficult>
        <bndbox>
            <xmin>158</xmin>
            <ymin>34</ymin>
            <xmax>196</xmax>
            <ymax>157</ymax>
        </bndbox>
    </object>    <object>
        <name>USPS-van</name>
        <pose>Unspecified</pose>
        <truncated>0</truncated>
        <difficult>0</difficult>
        <bndbox>
            <xmin>53</xmin>
            <ymin>24</ymin>
            <xmax>118</xmax>
            <ymax>168</ymax>
        </bndbox>
    </object>    <object>
        <name>USPS-van</name>
        <pose>Unspecified</pose>
        <truncated>0</truncated>
        <difficult>0</difficult>
        <bndbox>
            <xmin>0</xmin>
            <ymin>21</ymin>
            <xmax>71</xmax>
            <ymax>174</ymax>
        </bndbox>
    </object>    <object>
        <name>USPS-van</name>
        <pose>Unspecified</pose>
        <truncated>0</truncated>
        <difficult>0</difficult>
        <bndbox>
            <xmin>110</xmin>
            <ymin>28</ymin>
            <xmax>171</xmax>
            <ymax>170</ymax>
        </bndbox>
    </object>    <object>
        <name>USPS-van</name>
        <pose>Unspecified</pose>
        <truncated>0</truncated>
        <difficult>0</difficult>
        <bndbox>
            <xmin>191</xmin>
            <ymin>43</ymin>
            <xmax>246</xmax>
            <ymax>156</ymax>
        </bndbox>
    </object>
</annotation>
