<annotation>
    <folder>coco2VOC</folder>
    <filename>USPS67_jpeg.rf.6f6861dbf94e3405614a5ae6b8f321d4.jpg</filename>
    <path>C:\Downloads\tmp\coco2VOC\USPS67_jpeg.rf.6f6861dbf94e3405614a5ae6b8f321d4.jpg</path>
    <source>
        <database>Unknown</database>
    </source>
    <size>
        <width>300</width>
        <height>168</height>
        <depth>3</depth>
    </size>
    <segmented>0</segmented>
    <object>
        <name>USPS-logo</name>
        <pose>Unspecified</pose>
        <truncated>0</truncated>
        <difficult>0</difficult>
        <bndbox>
            <xmin>77</xmin>
            <ymin>33</ymin>
            <xmax>104</xmax>
            <ymax>67</ymax>
        </bndbox>
    </object>    <object>
        <name>USPS-van</name>
        <pose>Unspecified</pose>
        <truncated>0</truncated>
        <difficult>0</difficult>
        <bndbox>
            <xmin>13</xmin>
            <ymin>2</ymin>
            <xmax>298</xmax>
            <ymax>161</ymax>
        </bndbox>
    </object>
</annotation>
