<annotation>
    <folder>coco2VOC</folder>
    <filename>USPS50_jpeg.rf.3098990dba9f965ee82317afd1679e4e.jpg</filename>
    <path>C:\Downloads\tmp\coco2VOC\USPS50_jpeg.rf.3098990dba9f965ee82317afd1679e4e.jpg</path>
    <source>
        <database>Unknown</database>
    </source>
    <size>
        <width>275</width>
        <height>183</height>
        <depth>3</depth>
    </size>
    <segmented>0</segmented>
    <object>
        <name>USPS-logo</name>
        <pose>Unspecified</pose>
        <truncated>0</truncated>
        <difficult>0</difficult>
        <bndbox>
            <xmin>148</xmin>
            <ymin>59</ymin>
            <xmax>193</xmax>
            <ymax>89</ymax>
        </bndbox>
    </object>    <object>
        <name>USPS-van</name>
        <pose>Unspecified</pose>
        <truncated>0</truncated>
        <difficult>0</difficult>
        <bndbox>
            <xmin>30</xmin>
            <ymin>45</ymin>
            <xmax>233</xmax>
            <ymax>143</ymax>
        </bndbox>
    </object>
</annotation>
