<annotation>
    <folder>coco2VOC</folder>
    <filename>USPS87_jpeg.rf.ac6e099b705a0902bd1fde5169574a28.jpg</filename>
    <path>C:\Downloads\tmp\coco2VOC\USPS87_jpeg.rf.ac6e099b705a0902bd1fde5169574a28.jpg</path>
    <source>
        <database>Unknown</database>
    </source>
    <size>
        <width>310</width>
        <height>162</height>
        <depth>3</depth>
    </size>
    <segmented>0</segmented>
    <object>
        <name>USPS-logo</name>
        <pose>Unspecified</pose>
        <truncated>0</truncated>
        <difficult>0</difficult>
        <bndbox>
            <xmin>209</xmin>
            <ymin>89</ymin>
            <xmax>241</xmax>
            <ymax>111</ymax>
        </bndbox>
    </object>    <object>
        <name>USPS-van</name>
        <pose>Unspecified</pose>
        <truncated>0</truncated>
        <difficult>0</difficult>
        <bndbox>
            <xmin>182</xmin>
            <ymin>76</ymin>
            <xmax>276</xmax>
            <ymax>154</ymax>
        </bndbox>
    </object>
</annotation>
