<annotation>
    <folder>coco2VOC</folder>
    <filename>USPS84_jpeg.rf.c1b73bc3cd21407a41527f9747d2cf01.jpg</filename>
    <path>C:\Downloads\tmp\coco2VOC\USPS84_jpeg.rf.c1b73bc3cd21407a41527f9747d2cf01.jpg</path>
    <source>
        <database>Unknown</database>
    </source>
    <size>
        <width>300</width>
        <height>168</height>
        <depth>3</depth>
    </size>
    <segmented>0</segmented>
    <object>
        <name>USPS-logo</name>
        <pose>Unspecified</pose>
        <truncated>0</truncated>
        <difficult>0</difficult>
        <bndbox>
            <xmin>155</xmin>
            <ymin>53</ymin>
            <xmax>203</xmax>
            <ymax>97</ymax>
        </bndbox>
    </object>    <object>
        <name>USPS-van</name>
        <pose>Unspecified</pose>
        <truncated>0</truncated>
        <difficult>0</difficult>
        <bndbox>
            <xmin>2</xmin>
            <ymin>6</ymin>
            <xmax>282</xmax>
            <ymax>165</ymax>
        </bndbox>
    </object>
</annotation>
