<annotation>
    <folder>coco2VOC</folder>
    <filename>USPS103_jpeg.rf.926b8921911b01dd9db0c0bf0ef6752b.jpg</filename>
    <path>C:\Downloads\tmp\coco2VOC\USPS103_jpeg.rf.926b8921911b01dd9db0c0bf0ef6752b.jpg</path>
    <source>
        <database>Unknown</database>
    </source>
    <size>
        <width>300</width>
        <height>168</height>
        <depth>3</depth>
    </size>
    <segmented>0</segmented>
    <object>
        <name>USPS-logo</name>
        <pose>Unspecified</pose>
        <truncated>0</truncated>
        <difficult>0</difficult>
        <bndbox>
            <xmin>116</xmin>
            <ymin>30</ymin>
            <xmax>174</xmax>
            <ymax>77</ymax>
        </bndbox>
    </object>    <object>
        <name>USPS-logo</name>
        <pose>Unspecified</pose>
        <truncated>0</truncated>
        <difficult>0</difficult>
        <bndbox>
            <xmin>40</xmin>
            <ymin>35</ymin>
            <xmax>66</xmax>
            <ymax>72</ymax>
        </bndbox>
    </object>    <object>
        <name>USPS-van</name>
        <pose>Unspecified</pose>
        <truncated>0</truncated>
        <difficult>0</difficult>
        <bndbox>
            <xmin>12</xmin>
            <ymin>11</ymin>
            <xmax>295</xmax>
            <ymax>162</ymax>
        </bndbox>
    </object>
</annotation>
