<annotation>
    <folder>coco2VOC</folder>
    <filename>USPS116_jpeg.rf.babd7fd1b90084ba9f3c8b14b30709a8.jpg</filename>
    <path>C:\Downloads\tmp\coco2VOC\USPS116_jpeg.rf.babd7fd1b90084ba9f3c8b14b30709a8.jpg</path>
    <source>
        <database>Unknown</database>
    </source>
    <size>
        <width>300</width>
        <height>168</height>
        <depth>3</depth>
    </size>
    <segmented>0</segmented>
    <object>
        <name>USPS-logo</name>
        <pose>Unspecified</pose>
        <truncated>0</truncated>
        <difficult>0</difficult>
        <bndbox>
            <xmin>39</xmin>
            <ymin>34</ymin>
            <xmax>92.44</xmax>
            <ymax>72.95</ymax>
        </bndbox>
    </object>    <object>
        <name>USPS-van</name>
        <pose>Unspecified</pose>
        <truncated>0</truncated>
        <difficult>0</difficult>
        <bndbox>
            <xmin>14</xmin>
            <ymin>10</ymin>
            <xmax>293.33</xmax>
            <ymax>158.12</ymax>
        </bndbox>
    </object>
</annotation>
