<annotation>
    <folder>coco2VOC</folder>
    <filename>USPS98_jpeg.rf.6a377b6b3c77000e2496304b92972bbc.jpg</filename>
    <path>C:\Downloads\tmp\coco2VOC\USPS98_jpeg.rf.6a377b6b3c77000e2496304b92972bbc.jpg</path>
    <source>
        <database>Unknown</database>
    </source>
    <size>
        <width>326</width>
        <height>155</height>
        <depth>3</depth>
    </size>
    <segmented>0</segmented>
    <object>
        <name>USPS-logo</name>
        <pose>Unspecified</pose>
        <truncated>0</truncated>
        <difficult>0</difficult>
        <bndbox>
            <xmin>277</xmin>
            <ymin>32</ymin>
            <xmax>292</xmax>
            <ymax>58</ymax>
        </bndbox>
    </object>    <object>
        <name>USPS-logo</name>
        <pose>Unspecified</pose>
        <truncated>0</truncated>
        <difficult>0</difficult>
        <bndbox>
            <xmin>117</xmin>
            <ymin>33</ymin>
            <xmax>171</xmax>
            <ymax>71</ymax>
        </bndbox>
    </object>    <object>
        <name>USPS-van</name>
        <pose>Unspecified</pose>
        <truncated>0</truncated>
        <difficult>0</difficult>
        <bndbox>
            <xmin>4</xmin>
            <ymin>5</ymin>
            <xmax>317</xmax>
            <ymax>152</ymax>
        </bndbox>
    </object>
</annotation>
