<annotation>
    <folder>coco2VOC</folder>
    <filename>USPS105_jpeg.rf.cbbf272eab925d15c8cfc645a19f0ccd.jpg</filename>
    <path>C:\Downloads\tmp\coco2VOC\USPS105_jpeg.rf.cbbf272eab925d15c8cfc645a19f0ccd.jpg</path>
    <source>
        <database>Unknown</database>
    </source>
    <size>
        <width>316</width>
        <height>159</height>
        <depth>3</depth>
    </size>
    <segmented>0</segmented>
    <object>
        <name>USPS-logo</name>
        <pose>Unspecified</pose>
        <truncated>0</truncated>
        <difficult>0</difficult>
        <bndbox>
            <xmin>120</xmin>
            <ymin>54</ymin>
            <xmax>135</xmax>
            <ymax>77</ymax>
        </bndbox>
    </object>    <object>
        <name>USPS-van</name>
        <pose>Unspecified</pose>
        <truncated>0</truncated>
        <difficult>0</difficult>
        <bndbox>
            <xmin>111</xmin>
            <ymin>27</ymin>
            <xmax>267</xmax>
            <ymax>140</ymax>
        </bndbox>
    </object>
</annotation>
