<annotation>
    <folder>coco2VOC</folder>
    <filename>USPS82_jpeg.rf.5bc86004492d6dd2fa4100b4bc2b753d.jpg</filename>
    <path>C:\Downloads\tmp\coco2VOC\USPS82_jpeg.rf.5bc86004492d6dd2fa4100b4bc2b753d.jpg</path>
    <source>
        <database>Unknown</database>
    </source>
    <size>
        <width>275</width>
        <height>183</height>
        <depth>3</depth>
    </size>
    <segmented>0</segmented>
    <object>
        <name>USPS-van</name>
        <pose>Unspecified</pose>
        <truncated>0</truncated>
        <difficult>0</difficult>
        <bndbox>
            <xmin>115</xmin>
            <ymin>20</ymin>
            <xmax>275</xmax>
            <ymax>183</ymax>
        </bndbox>
    </object>    <object>
        <name>USPS-logo</name>
        <pose>Unspecified</pose>
        <truncated>0</truncated>
        <difficult>0</difficult>
        <bndbox>
            <xmin>13</xmin>
            <ymin>50</ymin>
            <xmax>44</xmax>
            <ymax>72</ymax>
        </bndbox>
    </object>    <object>
        <name>USPS-logo</name>
        <pose>Unspecified</pose>
        <truncated>0</truncated>
        <difficult>0</difficult>
        <bndbox>
            <xmin>131</xmin>
            <ymin>50</ymin>
            <xmax>165</xmax>
            <ymax>78</ymax>
        </bndbox>
    </object>    <object>
        <name>USPS-logo</name>
        <pose>Unspecified</pose>
        <truncated>0</truncated>
        <difficult>0</difficult>
        <bndbox>
            <xmin>65</xmin>
            <ymin>54</ymin>
            <xmax>103</xmax>
            <ymax>78</ymax>
        </bndbox>
    </object>    <object>
        <name>USPS-logo</name>
        <pose>Unspecified</pose>
        <truncated>0</truncated>
        <difficult>0</difficult>
        <bndbox>
            <xmin>181</xmin>
            <ymin>44</ymin>
            <xmax>252</xmax>
            <ymax>93</ymax>
        </bndbox>
    </object>    <object>
        <name>USPS-van</name>
        <pose>Unspecified</pose>
        <truncated>0</truncated>
        <difficult>0</difficult>
        <bndbox>
            <xmin>0</xmin>
            <ymin>35</ymin>
            <xmax>97</xmax>
            <ymax>125</ymax>
        </bndbox>
    </object>    <object>
        <name>USPS-van</name>
        <pose>Unspecified</pose>
        <truncated>0</truncated>
        <difficult>0</difficult>
        <bndbox>
            <xmin>39</xmin>
            <ymin>35</ymin>
            <xmax>142</xmax>
            <ymax>137</ymax>
        </bndbox>
    </object>
</annotation>
