<annotation>
    <folder>coco2VOC</folder>
    <filename>USPS137_jpeg.rf.d5c3324f681469592157895b5d4ef363.jpg</filename>
    <path>C:\Downloads\tmp\coco2VOC\USPS137_jpeg.rf.d5c3324f681469592157895b5d4ef363.jpg</path>
    <source>
        <database>Unknown</database>
    </source>
    <size>
        <width>301</width>
        <height>168</height>
        <depth>3</depth>
    </size>
    <segmented>0</segmented>
    <object>
        <name>USPS-logo</name>
        <pose>Unspecified</pose>
        <truncated>0</truncated>
        <difficult>0</difficult>
        <bndbox>
            <xmin>227</xmin>
            <ymin>45</ymin>
            <xmax>237</xmax>
            <ymax>73</ymax>
        </bndbox>
    </object>    <object>
        <name>USPS-logo</name>
        <pose>Unspecified</pose>
        <truncated>0</truncated>
        <difficult>0</difficult>
        <bndbox>
            <xmin>93</xmin>
            <ymin>54</ymin>
            <xmax>128</xmax>
            <ymax>84</ymax>
        </bndbox>
    </object>    <object>
        <name>USPS-logo</name>
        <pose>Unspecified</pose>
        <truncated>0</truncated>
        <difficult>0</difficult>
        <bndbox>
            <xmin>0</xmin>
            <ymin>51</ymin>
            <xmax>48</xmax>
            <ymax>89</ymax>
        </bndbox>
    </object>    <object>
        <name>USPS-van</name>
        <pose>Unspecified</pose>
        <truncated>0</truncated>
        <difficult>0</difficult>
        <bndbox>
            <xmin>97</xmin>
            <ymin>16</ymin>
            <xmax>169</xmax>
            <ymax>151</ymax>
        </bndbox>
    </object>    <object>
        <name>USPS-van</name>
        <pose>Unspecified</pose>
        <truncated>0</truncated>
        <difficult>0</difficult>
        <bndbox>
            <xmin>1</xmin>
            <ymin>10</ymin>
            <xmax>98</xmax>
            <ymax>160</ymax>
        </bndbox>
    </object>
</annotation>
