<annotation>
    <folder>coco2VOC</folder>
    <filename>USPS1_jpeg.rf.1c3987e651e7bd7637cfe94abf1f340b.jpg</filename>
    <path>C:\Downloads\tmp\coco2VOC\USPS1_jpeg.rf.1c3987e651e7bd7637cfe94abf1f340b.jpg</path>
    <source>
        <database>Unknown</database>
    </source>
    <size>
        <width>263</width>
        <height>191</height>
        <depth>3</depth>
    </size>
    <segmented>0</segmented>
    <object>
        <name>USPS-van</name>
        <pose>Unspecified</pose>
        <truncated>0</truncated>
        <difficult>0</difficult>
        <bndbox>
            <xmin>27</xmin>
            <ymin>38</ymin>
            <xmax>234</xmax>
            <ymax>180</ymax>
        </bndbox>
    </object>    <object>
        <name>USPS-logo</name>
        <pose>Unspecified</pose>
        <truncated>0</truncated>
        <difficult>0</difficult>
        <bndbox>
            <xmin>162</xmin>
            <ymin>63</ymin>
            <xmax>183</xmax>
            <ymax>103</ymax>
        </bndbox>
    </object>
</annotation>
