<annotation>
    <folder>coco2VOC</folder>
    <filename>USPS79_jpeg.rf.d6c4f0ba13a2dbdec0914adbe3bc10f9.jpg</filename>
    <path>C:\Downloads\tmp\coco2VOC\USPS79_jpeg.rf.d6c4f0ba13a2dbdec0914adbe3bc10f9.jpg</path>
    <source>
        <database>Unknown</database>
    </source>
    <size>
        <width>299</width>
        <height>168</height>
        <depth>3</depth>
    </size>
    <segmented>0</segmented>
    <object>
        <name>USPS-logo</name>
        <pose>Unspecified</pose>
        <truncated>0</truncated>
        <difficult>0</difficult>
        <bndbox>
            <xmin>47</xmin>
            <ymin>39</ymin>
            <xmax>70</xmax>
            <ymax>67</ymax>
        </bndbox>
    </object>    <object>
        <name>USPS-van</name>
        <pose>Unspecified</pose>
        <truncated>0</truncated>
        <difficult>0</difficult>
        <bndbox>
            <xmin>36</xmin>
            <ymin>18</ymin>
            <xmax>263</xmax>
            <ymax>149</ymax>
        </bndbox>
    </object>
</annotation>
