<annotation>
    <folder>coco2VOC</folder>
    <filename>USPS66_jpeg.rf.049c26eb70fbb73864a9b8fce3265dea.jpg</filename>
    <path>C:\Downloads\tmp\coco2VOC\USPS66_jpeg.rf.049c26eb70fbb73864a9b8fce3265dea.jpg</path>
    <source>
        <database>Unknown</database>
    </source>
    <size>
        <width>275</width>
        <height>183</height>
        <depth>3</depth>
    </size>
    <segmented>0</segmented>
    <object>
        <name>USPS-van</name>
        <pose>Unspecified</pose>
        <truncated>0</truncated>
        <difficult>0</difficult>
        <bndbox>
            <xmin>0</xmin>
            <ymin>0</ymin>
            <xmax>275</xmax>
            <ymax>183</ymax>
        </bndbox>
    </object>    <object>
        <name>USPS-logo</name>
        <pose>Unspecified</pose>
        <truncated>0</truncated>
        <difficult>0</difficult>
        <bndbox>
            <xmin>43</xmin>
            <ymin>71</ymin>
            <xmax>117</xmax>
            <ymax>114</ymax>
        </bndbox>
    </object>
</annotation>
