<annotation>
    <folder>coco2VOC</folder>
    <filename>USPS85_jpeg.rf.c70b5b227f1de7baacfa13578df2f34a.jpg</filename>
    <path>C:\Downloads\tmp\coco2VOC\USPS85_jpeg.rf.c70b5b227f1de7baacfa13578df2f34a.jpg</path>
    <source>
        <database>Unknown</database>
    </source>
    <size>
        <width>275</width>
        <height>183</height>
        <depth>3</depth>
    </size>
    <segmented>0</segmented>
    <object>
        <name>USPS-van</name>
        <pose>Unspecified</pose>
        <truncated>0</truncated>
        <difficult>0</difficult>
        <bndbox>
            <xmin>42</xmin>
            <ymin>80</ymin>
            <xmax>201.35</xmax>
            <ymax>170.28</ymax>
        </bndbox>
    </object>    <object>
        <name>USPS-logo</name>
        <pose>Unspecified</pose>
        <truncated>0</truncated>
        <difficult>0</difficult>
        <bndbox>
            <xmin>86</xmin>
            <ymin>86</ymin>
            <xmax>115.73</xmax>
            <ymax>111.55</ymax>
        </bndbox>
    </object>
</annotation>
