<annotation>
    <folder>coco2VOC</folder>
    <filename>USPS12_jpeg.rf.4a9d38b39dd003d4245fae50c731ae34.jpg</filename>
    <path>C:\Downloads\tmp\coco2VOC\USPS12_jpeg.rf.4a9d38b39dd003d4245fae50c731ae34.jpg</path>
    <source>
        <database>Unknown</database>
    </source>
    <size>
        <width>296</width>
        <height>170</height>
        <depth>3</depth>
    </size>
    <segmented>0</segmented>
    <object>
        <name>USPS-van</name>
        <pose>Unspecified</pose>
        <truncated>0</truncated>
        <difficult>0</difficult>
        <bndbox>
            <xmin>0</xmin>
            <ymin>69</ymin>
            <xmax>99</xmax>
            <ymax>131</ymax>
        </bndbox>
    </object>    <object>
        <name>USPS-van</name>
        <pose>Unspecified</pose>
        <truncated>0</truncated>
        <difficult>0</difficult>
        <bndbox>
            <xmin>59</xmin>
            <ymin>64</ymin>
            <xmax>128</xmax>
            <ymax>147</ymax>
        </bndbox>
    </object>    <object>
        <name>USPS-logo</name>
        <pose>Unspecified</pose>
        <truncated>0</truncated>
        <difficult>0</difficult>
        <bndbox>
            <xmin>173</xmin>
            <ymin>100</ymin>
            <xmax>205</xmax>
            <ymax>122</ymax>
        </bndbox>
    </object>    <object>
        <name>USPS-van</name>
        <pose>Unspecified</pose>
        <truncated>0</truncated>
        <difficult>0</difficult>
        <bndbox>
            <xmin>72</xmin>
            <ymin>89</ymin>
            <xmax>225</xmax>
            <ymax>164</ymax>
        </bndbox>
    </object>    <object>
        <name>USPS-logo</name>
        <pose>Unspecified</pose>
        <truncated>0</truncated>
        <difficult>0</difficult>
        <bndbox>
            <xmin>19</xmin>
            <ymin>81</ymin>
            <xmax>41</xmax>
            <ymax>98</ymax>
        </bndbox>
    </object>
</annotation>
